Id,Movie Names,Links,Rating,Year,Duration_of_movie,Genere,Description
1,Ramayana: The Legend of Prince Rama,https://m.media-amazon.com/images/M/MV5BZWY1NTMwMTEtNjNiMi00YTkyLTlmYWEtOTQ5ZTg0YWY4ZTU0XkEyXkFqcGc@._V1_FMjpg_UX800_.jpg,9.2,1993,PG,"Animation,Action,Adventure,Back to top","An anime adaptation of the Hindu epic the Ramayana, where Lord Ram combats the wicked king Ravana."
2,Rocketry: The Nambi Effect,https://m.media-amazon.com/images/M/MV5BODkyMDUwNWUtOWMxNC00YWZlLWE4MjAtNDZjYTgyN2VmOGJhXkEyXkFqcGc@._V1_FMjpg_UY2000_.jpg,8.7,2022,2h 37m,"Biography,Drama,Back to top","Based on the life of Indian Space Research Organization scientist Nambi Narayanan, who was framed for being a spy and arrested in 1994. Though free, he continues to fight for justice against... Read all"
3,Nayakan,"https://m.media-amazon.com/images/M/MV5BNDgyNDFhMTgtM2Y5YS00MTczLWJmODktNTAzZGIyYWNjYmFjXkEyXkFqcGc@._V1_QL75_UX380_CR0,4,380,562_.jpg",8.6,1987,Not Rated,"Crime,Drama,Back to top","A common man's struggles against a corrupt police force put him on the wrong side of the law. He becomes a don, who is loved and respected by many, but his growing power and influence exact ... Read all"
4,Gol Maal,"https://m.media-amazon.com/images/M/MV5BNjc2ZGI2MTYtMjkzYi00NjMxLThmMmQtOGVkN2IxMjM4ZjlmXkEyXkFqcGc@._V1_QL75_UX380_CR0,4,380,562_.jpg",8.5,1979,Not Rated,"Comedy,Romance,Back to top",A man's simple lie to secure his job escalates into more complex lies when his orthodox boss gets suspicious.
5,Anbe Sivam,"https://m.media-amazon.com/images/M/MV5BNDAxNWM0NmMtOTE0YS00M2I0LTkwNjItNWY2N2VmNzJiZTdmXkEyXkFqcGc@._V1_QL75_UY562_CR14,0,380,562_.jpg",8.6,2003,Not Rated,"Adventure,Comedy,Drama,Back to top","Two men, one young and arrogant, the other damaged - physically but not spiritually - by life, are thrown together by circumstances, and find that they are in some ways bound together by fat... Read all"
6,777 Charlie,"https://m.media-amazon.com/images/M/MV5BOWY4MzlmNjItZGYzMS00ZDVhLWI2ZDMtNWEwZTBiMmU0YzQ4XkEyXkFqcGc@._V1_QL75_UX380_CR0,0,380,562_.jpg",8.8,2022,2h 44m,"Adventure,Comedy,Drama,Back to top",Dharma is stuck in a rut with his negative and lonely lifestyle and spends each day in the comfort of his loneliness. A pup named Charlie enters his life and gives him a new perspective towa... Read all
7,Pariyerum Perumal,"https://m.media-amazon.com/images/M/MV5BZmMzOWQ0NWUtOGQ0Yi00NGNiLWEzNTItMmE1NGRmNDlhYWFkXkEyXkFqcGc@._V1_QL75_UY562_CR8,0,380,562_.jpg",8.7,2018,Not Rated,"Drama,Back to top","A law student from a lower caste begins a friendship with his classmate, a girl who belongs to a higher caste, and the men in her family start giving him trouble over this."
8,Manichithrathazhu,"https://m.media-amazon.com/images/M/MV5BNjllNGZiYjAtMjVjMy00ZGI4LThiZDAtYzFlOGRkY2E0NDA3XkEyXkFqcGc@._V1_QL75_UX380_CR0,3,380,562_.jpg",8.8,1993,Not Rated,"Comedy,Horror,Mystery,Back to top","When a forbidden room in an old bungalow is unbolted, the spirit of a vengeful dancer is unleashed."
9,3 Idiots,"https://m.media-amazon.com/images/M/MV5BNzc4ZWQ3NmYtODE0Ny00YTQ4LTlkZWItNTBkMGQ0MmUwMmJlXkEyXkFqcGc@._V1_QL75_UY562_CR5,0,380,562_.jpg",8.4,2009,PG-13,"Comedy,Drama,Back to top","Two friends are searching for their long lost companion. They revisit their college days and recall the memories of their friend who inspired them to think differently, even as the rest of t... Read all"
10,The World of Apu,https://m.media-amazon.com/images/M/MV5BYjQwMDk3NGMtYzg2ZC00MWNmLTliZDUtM2MwYjZjM2E0MWYwXkEyXkFqcGc@._V1_FMjpg_UY3000_.jpg,8.5,1959,Not Rated,"Drama,Back to top",This final installment in Satyajit Ray's Apu Trilogy follows Apu's life as an orphaned adult aspiring to be a writer.
11,Jai Bhim,"https://m.media-amazon.com/images/M/MV5BZjEyNDIzNmEtMjdkYS00ZDAwLTljOWYtNDRhYTVhYTlmOTk1XkEyXkFqcGc@._V1_QL75_UY562_CR35,0,380,562_.jpg",8.8,2021,TV-MA,"Crime,Drama,Mystery,Back to top","When a tribal man is arrested for a case of alleged theft, his wife turns to a human-rights lawyer to help bring justice."
12,#Home,"https://m.media-amazon.com/images/M/MV5BNDZkMzJjOTYtZTdjOC00YzdjLWI5ODgtYzgxZWRlOGQ3MjNhXkEyXkFqcGc@._V1_QL75_UY562_CR35,0,380,562_.jpg",8.8,2021,Rojin Thomas,"Drama,Back to top","Oliver Twist (Indrans) wants to be tech-savvy and become a better companion to his two sons, who spend more time on their phones than with their loved ones."
13,Soorarai Pottru,"https://m.media-amazon.com/images/M/MV5BZTU5NTNmMjAtODM0Mi00YzU5LTk1OWQtZWU1NzZhMzBjYjY1XkEyXkFqcGc@._V1_QL75_UX380_CR0,35,380,562_.jpg",8.7,2020,TV-MA,"Action,Drama,Back to top",Nedumaaran Rajangam "Maara" sets out to make the common man fly and in the process takes on the world's most capital intensive industry and several enemies who stand in his way.
14,Black Friday,"https://m.media-amazon.com/images/M/MV5BZmUzYmJiMWItYWEyMC00N2VjLWEzNGQtODc4NDdmZDNmYTk0XkEyXkFqcGc@._V1_QL75_UX380_CR0,4,380,562_.jpg",8.4,2004,Not Rated,"Action,Crime,Drama,Back to top","A film about the investigations following the 1993 serial Bombay bomb blasts, told through the different stories of the people involved --police, conspirators, victims, middlemen."
15,Kumbalangi Nights,"https://m.media-amazon.com/images/M/MV5BMWE2NTAyZjEtOTNlZC00Y2NkLTgxMDEtNGJmNmU4MzJhODU0XkEyXkFqcGc@._V1_QL75_UX380_CR0,1,380,562_.jpg",8.5,2019,Not Rated,"Comedy,Drama,Romance,Back to top","The film revolves around four brothers who share a love-hate relationship with each other. Their relationship progresses to another level when Saji, Boney, and Franky decide to help Bobby st... Read all"
16,C/o Kancharapalem,"https://m.media-amazon.com/images/M/MV5BZjYyM2UwMGQtMjI4YS00Y2U4LTllOWItYjIzODlhZThlMDc2XkEyXkFqcGc@._V1_QL75_UY562_CR11,0,380,562_.jpg",8.8,2018,2h 32m,"Drama,Back to top",Four unconventional love stories set in the town and including the people of Kancherapalem.
17,Kireedam,"https://m.media-amazon.com/images/M/MV5BYWY2NTFhZjAtZGZhYi00NWFmLWI4ZTctMzhjZjg5NzhlMDczXkEyXkFqcGc@._V1_QL75_UX380_CR0,5,380,562_.jpg",8.9,1989,Not Rated,"Action,Drama,Back to top",The life of a young man turns upside down when he intervenes in a dispute in order to rescue his father (a cop) from a ruthless local outlaw.
18,Like Stars on Earth,"https://m.media-amazon.com/images/M/MV5BZTI0ZGRiMDEtNGNjMS00MGU4LWI3OTktNzcxMDZmZTk3MTljXkEyXkFqcGc@._V1_QL75_UY562_CR7,0,380,562_.jpg",8.3,2007,PG,"Drama,Family,Back to top","An eight-year-old boy is thought to be a lazy trouble-maker, until the new art teacher has the patience and compassion to discover the real problem behind his struggles in school."
19,Dangal,"https://m.media-amazon.com/images/M/MV5BMTQ4MzQzMzM2Nl5BMl5BanBnXkFtZTgwMTQ1NzU3MDI@._V1_QL75_UY562_CR11,0,380,562_.jpg",8.3,2016,Not Rated,"Action,Biography,Drama,Back to top",Former wrestler Mahavir Singh Phogat and his two wrestler daughters struggle towards glory at the Commonwealth Games in the face of societal oppression.
20,Jersey,"https://m.media-amazon.com/images/M/MV5BMWU0ZTk1ODYtOTk4MS00ZTdmLWJjOWYtMmJiYWQ2ZTcwZjJlXkEyXkFqcGc@._V1_QL75_UY562_CR11,0,380,562_.jpg",8.5,2019,Not Rated,"Drama,Sport,Back to top",A failed cricketer decides to revive his cricketing career in his late 30's despite everyone being skeptical of his ability to do so.
21,96,"https://m.media-amazon.com/images/M/MV5BODFiZDk5MDgtMWMzNy00MTZmLTk2YTQtYjg1NzNmYzJlODJkXkEyXkFqcGc@._V1_QL75_UY562_CR14,0,380,562_.jpg",8.5,2018,Not Rated,"Drama,Romance,Back to top",Two high school sweethearts meet at a reunion after 22 years and reminisce about their past.
22,Kaithi,"https://m.media-amazon.com/images/M/MV5BZDk2NWQyMjQtODlkYi00YTJjLTkxMGItMGU0ZDExODI3OWIxXkEyXkFqcGc@._V1_QL75_UY562_CR20,0,380,562_.jpg",8.4,2019,Not Rated,"Action,Adventure,Crime,Back to top","Dilli, an ex-convict, endeavours to meet his daughter for the first time after leaving prison. However, his attempts are interrupted due to a drug raid planned by Inspector Bejoy."
23,Natsamrat,"https://m.media-amazon.com/images/M/MV5BOWI5ZDM3NTQtOWI0ZS00ZGI4LWE1YjEtMmZhYjk4NTE1MGMwXkEyXkFqcGc@._V1_QL75_UY562_CR19,0,380,562_.jpg",8.8,2016,2h 46m,"Drama,Family,Back to top","After he retires, an aging theatre actor and his wife begin to feel unwanted by their children."
24,Mayabazar,"https://m.media-amazon.com/images/M/MV5BNzAxYmQyNGItZTdiZC00MTZhLTgzMDEtOGE2YzQyMmRkNDhlXkEyXkFqcGc@._V1_QL75_UY562_CR9,0,380,562_.jpg",9.1,1957,Not Rated,"Comedy,Drama,Back to top","Balarama promises Subhadra to get his daughter married to her son. But when the Pandavas loses their kingdom to the Kaurava's, Balarama breaks his promise."
25,Sita Ramam,"https://m.media-amazon.com/images/M/MV5BYWE0NDNiNzEtNThmMi00NjZlLTk3NDAtYzIzOWNmNWQyYTI3XkEyXkFqcGc@._V1_QL75_UX380_CR0,5,380,562_.jpg",8.6,2022,2h 43m,"Action,Drama,Mystery,Back to top","An orphan soldier, Lieutenant Ram's life changes, after he gets a letter from a girl named Sita. He meets her and love blossoms between them. When he comes back to his camp in Kashmir,After ... Read all"
26,Drishyam 2,"https://m.media-amazon.com/images/M/MV5BM2Q2YTczM2QtNDBkNC00M2I5LTkyMzgtOTMwNzQ0N2UyYWQ0XkEyXkFqcGc@._V1_QL75_UX380_CR0,5,380,562_.jpg",8.4,2021,2h 32m,"Crime,Drama,Thriller,Back to top",A gripping tale of an investigation and a family which is threatened by it. Will Georgekutty be able to protect his family this time?
27,Asuran,"https://m.media-amazon.com/images/M/MV5BNjFlNjk5NWMtMWMzNS00N2E5LWE2MzItMmI3MjBiY2M0MGFiXkEyXkFqcGc@._V1_QL75_UY562_CR3,0,380,562_.jpg",8.4,2019,Not Rated,"Action,Drama,Back to top","The teenage son of a farmer from an underprivileged caste kills a rich, upper caste landlord. How the pacifist farmer saves his hot-blooded son is the rest of the story."
28,Thevar Magan,"https://m.media-amazon.com/images/M/MV5BZWFmNmUyOWItM2NkOS00MWVhLWFkMGYtM2Y1MTFhNTY5MjkzXkEyXkFqcGc@._V1_QL75_UY562_CR9,0,380,562_.jpg",8.7,1992,2h 25m,"Drama,Back to top",The urbane son of a village chieftain struggles between his personal aspirations and those of his family.
29,Visaaranai,"https://m.media-amazon.com/images/M/MV5BNzBkYThlNDQtZTBkZS00YzYyLWExZjAtZDQ4NTEzMzIzNjA5XkEyXkFqcGc@._V1_QL75_UY562_CR16,0,380,562_.jpg",8.4,2015,Not Rated,"Crime,Drama,Thriller,Back to top",Four labourers are tortured by the police to confess to a theft they have not committed.
30,Sarpatta Parambarai,"https://m.media-amazon.com/images/M/MV5BYjFiOGMwNWYtMTI4OS00YWE2LTllZmQtOTRjMjEzM2M0NWM0XkEyXkFqcGc@._V1_QL75_UX380_CR0,16,380,562_.jpg",8.5,2021,2h 53m,"Action,Drama,Sport,Back to top","When Sarpatta Parambarai is challenged to a do-or-die match, will Kabilan, a young labourer, put on the gloves himself and lead his clan to victory, or be dissuaded by his disapproving mothe... Read all"
31,Thalapathi,"https://m.media-amazon.com/images/M/MV5BOGMzNTIyZDktYWMxOS00YWIyLTllMDMtMjdkYTczZWZkODJiXkEyXkFqcGc@._V1_QL75_UY562_CR17,0,380,562_.jpg",8.5,1991,Not Rated,"Action,Crime,Drama,Back to top",An orphan named Surya raised in a slum befriends a good crime boss named Devaraj and works for him. Their existence is threatened when a new honest district collector arrives.
32,Nadodikkattu,"https://m.media-amazon.com/images/M/MV5BZGE5OGQzNTctN2VlMi00MThlLTg1MjAtYmRkMTkxZDY4YjE1XkEyXkFqcGc@._V1_QL75_UY562_CR24,0,380,562_.jpg",8.8,1987,2h 38m,"Comedy,Back to top","After losing their jobs in Kerala, Dasan and Vijayan decide to migrate to the Middle East. But they end up in Tamil Nadu where they are mistaken as two CID officers by a group of smugglers."
33,Drishyam,"https://m.media-amazon.com/images/M/MV5BM2MwMjNlNjctYjA2ZS00ZDA4LWJmNTYtODg5NDY1YzQzZDg2XkEyXkFqcGc@._V1_QL75_UY562_CR25,0,380,562_.jpg",8.3,2013,Not Rated,"Crime,Drama,Thriller,Back to top",A man goes to extreme lengths to save his family from punishment after the family commits an accidental crime.
34,Thani Oruvan,"https://m.media-amazon.com/images/M/MV5BY2Q3ZDc0MjItOTIxZi00NzUyLWIwY2EtYzUwZmZjYmU1NDllXkEyXkFqcGc@._V1_QL75_UY562_CR33,0,380,562_.jpg",8.4,2015,Not Rated,"Action,Crime,Thriller,Back to top","Siddharth Abimanyu, an influential scientist, is involved in various illegal medical practices. Mithran, an efficient IPS officer, decides to expose him."
35,Pather Panchali,"https://m.media-amazon.com/images/M/MV5BNmZhNzc0ZDMtZDg2My00MjkxLWJjZTctNTljODc2ZjQzMzJkXkEyXkFqcGc@._V1_QL75_UX380_CR0,4,380,562_.jpg",8.2,1955,Not Rated,"Drama,Back to top","Impoverished priest Harihar Ray, dreaming of a better life for himself and his family, leaves his rural Bengal village in search of work."
36,Jaane Bhi Do Yaaro,"https://m.media-amazon.com/images/M/MV5BNzhhN2NlZmQtZDFmMi00ODA3LThjNTQtMmFhMzViZDcxZWFkXkEyXkFqcGc@._V1_QL75_UY562_CR24,0,380,562_.jpg",8.3,1983,Not Rated,"Comedy,Crime,Drama,Back to top","Two friends, attempting to start-up their own photo studio, come across shady dealings, corruption and murder, and must fight to bring the guilty to light."
37,Vada Chennai,"https://m.media-amazon.com/images/M/MV5BMjE4ODM5MmMtODdlYy00NWRiLWJkOWQtNmQ2MGYzNGZlYmNkXkEyXkFqcGc@._V1_QL75_UY562_CR17,0,380,562_.jpg",8.4,2018,Not Rated,"Action,Crime,Drama,Back to top",A young carrom player in north Chennai becomes a reluctant participant in a war between two warring gangsters.
38,Aparajito,"https://m.media-amazon.com/images/M/MV5BNmViYWRlZWEtYjFhZi00Njg4LTg4YmYtMTQ2MTFkYmMwNjRmXkEyXkFqcGc@._V1_QL75_UX380_CR0,4,380,562_.jpg",8.3,1956,Not Rated,"Drama,Back to top","Following his father's death, a boy leaves home to study in Calcutta, while his mother must face a life alone."
39,Khosla Ka Ghosla!,"https://m.media-amazon.com/images/M/MV5BNWI1M2YxZWMtN2JiZi00MmJjLWE4NjgtODc2ODg2M2M5YWRiXkEyXkFqcGc@._V1_QL75_UY562_CR5,0,380,562_.jpg",8.3,2006,Not Rated,"Comedy,Crime,Drama,Back to top",A Delhi-based retired middle-class man tries half-heartedly to get his land back from a swindling property dealer with the help of his sons and their friends.
40,Anniyan,"https://m.media-amazon.com/images/M/MV5BNTRlM2Y1MjQtNzkyMS00YTI4LWIzMDktMTMyY2U4NmI2N2U2XkEyXkFqcGc@._V1_QL75_UX380_CR0,4,380,562_.jpg",8.3,2005,Not Rated,"Action,Crime,Drama,Back to top","Ramanujam, who suffers from multiple personality disorder, works as a lawyer by day and a vigilante at night, using tips from the 'Garuda Purana' as his tools to punish various antisocial el... Read all"
41,Sardar Udham,"https://m.media-amazon.com/images/M/MV5BMzI5ZTIxOTgtNzU4Zi00YmE4LTlkMTMtNjhkODc0ZjdjZGI3XkEyXkFqcGc@._V1_QL75_UY562_CR35,0,380,562_.jpg",8.4,2021,TV-MA,"Biography,Crime,Drama,Back to top","A biopic detailing the 2 decades that Punjabi Sikh revolutionary, Udham Singh, spent planning the assassination of the man responsible for the Jallianwala Bagh massacre."
42,Raatchasan,"https://m.media-amazon.com/images/M/MV5BMjgzMzMxMzUtNzUyYi00NTkxLWI1NTAtMjZhNmMxMGQ4YjBmXkEyXkFqcGc@._V1_QL75_UY562_CR17,0,380,562_.jpg",8.3,2018,Not Rated,"Action,Crime,Drama,Back to top",A sub-inspector sets out in pursuit of a mysterious serial killer who targets teen school girls and murders them brutally.
43,Gangs of Wasseypur,"https://m.media-amazon.com/images/M/MV5BMTc5NjY4MjUwNF5BMl5BanBnXkFtZTgwODM3NzM5MzE@._V1_QL75_UX380_CR0,0,380,562_.jpg",8.2,2012,Not Rated,"Action,Comedy,Crime,Back to top","A clash between Sultan and Shahid Khan leads to the expulsion of Khan from Wasseypur, and ignites a deadly blood feud spanning three generations."
44,Chupke Chupke,"https://m.media-amazon.com/images/M/MV5BYjEzNzA5NTUtMzQ5NC00MTgzLWFiODgtNDNlYmY3OTJkMTg5XkEyXkFqcGc@._V1_QL75_UY562_CR16,0,380,562_.jpg",8.3,1975,Not Rated,"Comedy,Drama,Romance,Back to top",A newly wedded husband plays a practical joke on his wife's family with full support from his wife and friends.
45,Drishyam,"https://m.media-amazon.com/images/M/MV5BM2NmMGFjYTYtNWEwNS00MTM4LWE2ZTktNzZjMTE0OTQyNjFiXkEyXkFqcGc@._V1_QL75_UY562_CR5,0,380,562_.jpg",8.2,2015,Not Rated,"Crime,Drama,Mystery,Back to top","Desperate measures are taken by a man who tries to save his family from the dark side of the law, after they commit an unexpected crime."
46,Peranbu,"https://m.media-amazon.com/images/M/MV5BYTJjNDM4NDYtYjkwOS00MDQ1LThmYzgtMjk3OWYzNDNkOTJkXkEyXkFqcGc@._V1_QL75_UY562_CR9,0,380,562_.jpg",8.7,2018,2h 27m,"Drama,Back to top","A single father tries to raise his daughter, who has cerebral palsy, even as she is beginning to wake up to her sexuality."
47,Bangalore Days,"https://m.media-amazon.com/images/M/MV5BMWI0YTgyNTEtNGU2Yi00MWQ5LWFiOTUtYTQ3MzMyNDcwYTIzXkEyXkFqcGc@._V1_QL75_UY562_CR21,0,380,562_.jpg",8.3,2014,Not Rated,"Comedy,Drama,Romance,Back to top","A fun roller coaster ride about three young people, Aju, Divya and Kuttan who are cousins, reach Bangalore to dream, discover and explore."
48,Satya,"https://m.media-amazon.com/images/M/MV5BMTMwMjk3MzA2OF5BMl5BanBnXkFtZTcwNjU2ODgzMQ@@._V1_QL75_UY562_CR9,0,380,562_.jpg",8.3,1998,Not Rated,"Action,Crime,Drama,Back to top",An innocent man is embroiled in underworld after being falsely charged and sets out to punish the perpetrators who subjected his life to misery.
49,Mahanati,"https://m.media-amazon.com/images/M/MV5BYmU3ZjM1NTgtYjc2Mi00YzNjLWE1OWQtMjk5MDM4MmU3ZjZjXkEyXkFqcGc@._V1_QL75_UX380_CR0,16,380,562_.jpg",8.4,2018,Not Rated,"Biography,Drama,Back to top","Biography of Savitri, an actress from South India movie industry, who ruled the industry for two decades during 50s and 60s."
50,Agent Sai Srinivasa Athreya,"https://m.media-amazon.com/images/M/MV5BZDRiMjY1ZjQtNzFkNC00NmVhLWIyZTQtNTAzMGUzMTMxMzdkXkEyXkFqcGc@._V1_QL75_UX380_CR0,4,380,562_.jpg",8.3,2019,Not Rated,"Comedy,Crime,Mystery,Back to top",Agent Sai Srinivasa Athreya is an authentic humorous investigative thriller revolving around the adventures of a detective based out of Nellore.
51,Premam,"https://m.media-amazon.com/images/M/MV5BNWJiMWMxYmMtNTQxMy00ZjE2LWEzYTAtNTdmODI4MGI4OTRlXkEyXkFqcGc@._V1_QL75_UY562_CR21,0,380,562_.jpg",8.3,2015,2h 36m,"Comedy,Drama,Romance,Back to top",A young man has three opportunities to find love. Will the third time be the charm?
52,Devasuram,"https://m.media-amazon.com/images/M/MV5BZmJjZGQwMmQtMzJkMi00NzI1LWIxNjItMjQ5N2M2ZjlkMmRhXkEyXkFqcGc@._V1_QL75_UY562_CR17,0,380,562_.jpg",8.7,1993,Not Rated,"Action,Drama,Thriller,Back to top","Neelakandan squanders away the inheritance left by his father. However, his life turns upside down when his mother reveals a terrible secret on her deathbed that changes the course of his li... Read all"
53,Super Deluxe,"https://m.media-amazon.com/images/M/MV5BZmQ3NjM2OWMtY2IxNy00OWY4LWIyYjMtNGUzMGU3ZTZkMWJmXkEyXkFqcGc@._V1_QL75_UY562_CR44,0,380,562_.jpg",8.3,2019,Not Rated,"Comedy,Crime,Drama,Back to top","An unfaithful newly-wed wife, an estranged father, a priest and an angry son suddenly find themselves in the most unexpected predicaments, each poised to experience their destiny, all on one... Read all"
54,Bhaag Milkha Bhaag,"https://m.media-amazon.com/images/M/MV5BMTY1Nzg4MjcwN15BMl5BanBnXkFtZTcwOTc1NTk1OQ@@._V1_QL75_UY562_CR5,0,380,562_.jpg",8.2,2013,Not Rated,"Biography,Drama,Sport,Back to top","The truth behind the ascension of Milkha Singh, who was scarred by of the India-Pakistan partition."
55,Tumbbad,"https://m.media-amazon.com/images/M/MV5BOTY0YzY3MTMtOWQ5Yi00ODY2LThhOGMtMzFlMjhlODcxOGU1XkEyXkFqcGc@._V1_QL75_UY562_CR21,0,380,562_.jpg",8.2,2018,Not Rated,"Drama,Fantasy,Horror,Back to top",A mythological story about a goddess who created the entire universe. The plot revolves around the consequences when humans build a temple for her first-born.
56,Andhadhun,"https://m.media-amazon.com/images/M/MV5BMjZiYTNkNjUtNzI3MC00YWJmLTljM2QtNTI3MTU3ODYzNWFjXkEyXkFqcGc@._V1_QL75_UY562_CR5,0,380,562_.jpg",8.2,2018,Not Rated,"Crime,Mystery,Thriller,Back to top","A series of mysterious events change the life of a blind pianist, who must now report a crime that he should technically know nothing of."
57,Vikram Vedha,"https://m.media-amazon.com/images/M/MV5BOTI0ODVlYjYtYTQ5Yi00OTlmLWI5NjEtYjM5ZWEyMDQ5ZjA5XkEyXkFqcGc@._V1_QL75_UX380_CR0,4,380,562_.jpg",8.2,2017,Not Rated,"Action,Crime,Drama,Back to top","Vikram, a no-nonsense police officer, accompanied by Simon, his partner, is on the hunt to capture Vedha, a smuggler and a murderer. Vedha tries to change Vikram's life, which leads to a con... Read all"
58,Chhichhore,"https://m.media-amazon.com/images/M/MV5BODgwYWE2MGEtYTMwYi00NTg5LWEzOWYtNTFiZDc4NWMzODcyXkEyXkFqcGc@._V1_QL75_UY562_CR5,0,380,562_.jpg",8.3,2019,Not Rated,"Comedy,Drama,Romance,Back to top","A tragic incident forces Anirudh, a middle-aged man, to take a trip down memory lane and reminisce his college days along with his friends, who were labelled as losers."
59,Chithram,"https://m.media-amazon.com/images/M/MV5BZGY3ZDVjMTgtOTM0Mi00YmQ2LTkzOWYtYzdhMjdjZTE2ZWZlXkEyXkFqcGc@._V1_QL75_UY562_CR8,0,380,562_.jpg",8.7,1988,2h 39m,"Comedy,Drama,Musical,Back to top",A woman hires a stranger to pose as her husband because she doesn't want her ailing father to know that her fiance broke their engagement.
60,Zindagi Na Milegi Dobara,"https://m.media-amazon.com/images/M/MV5BOGIzYzg5NzItNDRkYS00NmIzLTk3NzQtZWYwY2VlZDhiYWQ4XkEyXkFqcGc@._V1_QL75_UY562_CR5,0,380,562_.jpg",8.2,2011,Not Rated,"Comedy,Drama,Musical,Back to top",Three friends decide to turn their fantasy vacation into reality after one of their friends gets engaged.
61,Vikram,"https://m.media-amazon.com/images/M/MV5BZTYxYmJiZWItMTZkYi00Yjg5LWE3Y2UtMGE4N2Y5NzhlNzljXkEyXkFqcGc@._V1_QL75_UX380_CR0,57,380,562_.jpg",8.3,2022,2h 55m,"Action,Crime,Thriller,Back to top","A special investigator assigned a case of serial killings discovers the case is not what it seems to be, and leading down this path is only going to end in a war between everyone involved."
62,Guide,"https://m.media-amazon.com/images/M/MV5BZGU0YTMwZGItZDYxZi00OTMwLWJhN2MtZTg1ZTA1OTcyOWM5XkEyXkFqcGc@._V1_QL75_UY562_CR5,0,380,562_.jpg",8.4,1965,Not Rated,"Drama,Musical,Romance,Back to top","When mistaken to be a sage by some villagers, an ex-tour guide reflects on his past and lost love to search for spiritual wisdom to guide the villagers."
63,Sairat,"https://m.media-amazon.com/images/M/MV5BNTJmZWM3NWItMWE0MS00NjI1LWI3YjAtM2EzNmY5YmNiYzNjXkEyXkFqcGc@._V1_QL75_UX380_CR0,0,380,562_.jpg",8.3,2016,Not Rated,"Drama,Romance,Back to top","In interior Maharashtra, a fisherman's son and a local politician's daughter fall in love against the restrictions of caste hierarchy."
64,Kannathil Muthamittal,"https://m.media-amazon.com/images/M/MV5BNzM3YmE2MGMtMDBkZi00ZjZmLWE0YjItNjcxNzVlMjg5MWYxXkEyXkFqcGc@._V1_QL75_UY562_CR10,0,380,562_.jpg",8.4,2002,Not Rated,"Action,Drama,War,Back to top","A little girl is told by her parents that she is adopted. Determined to find her real mother, she begs to be taken to Sri Lanka, where her mother works with a militant group of activists."
65,Shahid,"https://m.media-amazon.com/images/M/MV5BMTYyMDE1NjQ1Nl5BMl5BanBnXkFtZTgwMDAyMTUzMDE@._V1_QL75_UY562_CR21,0,380,562_.jpg",8.2,2012,Not Rated,"Biography,Drama,Back to top","The account of Human Rights lawyer Shahid Azmi, an ordinary citizen with an extraordinary commitment to justice."
66,Swades,"https://m.media-amazon.com/images/M/MV5BZWJlNmQ2NmQtM2U3Yi00MTZjLWI1YzktY2I2MmExMzgwNmE3XkEyXkFqcGc@._V1_QL75_UY562_CR5,0,380,562_.jpg",8.2,2004,Not Rated,"Drama,Musical,Back to top",A successful Indian scientist returns to an Indian village to take his nanny to America with him and in the process rediscovers his roots.
67,Iruvar,"https://m.media-amazon.com/images/M/MV5BMGUzNzhlYjEtMzAwNy00NjRmLTk2NjQtYjg0NjVhODU0MjIxXkEyXkFqcGc@._V1_QL75_UX380_CR0,20,380,562_.jpg",8.4,1997,2h 20m,"Biography,Drama,Back to top",A struggling actor and a writer-politician become friends as young men and rise to great heights in cinema and politics respectively. But when both become contenders for the top political po... Read all
68,Munna Bhai M.B.B.S.,"https://m.media-amazon.com/images/M/MV5BMDE3ZDYzZDctOWJiYS00MTE5LTk0NzgtOThhZTRmZDQ2ZmFjXkEyXkFqcGc@._V1_QL75_UY562_CR8,0,380,562_.jpg",8.1,2003,Not Rated,"Comedy,Drama,Back to top",A gangster sets out to fulfill his father's dream of becoming a doctor.
69,Aruvi,"https://m.media-amazon.com/images/M/MV5BNWNmZGYzOGYtNTc4OC00YzBhLTljZGItYzVlZGYwZTAxMWNkXkEyXkFqcGc@._V1_QL75_UY562_CR21,0,380,562_.jpg",8.4,2016,Not Rated,"Drama,Back to top",A gentle girl born and brought up amidst the ever growing eco-social-consumeristic environment finds it difficult to fit in the society. She decides to take it hard on the people. What she d... Read all
70,Paan Singh Tomar,"https://m.media-amazon.com/images/M/MV5BNTgwODM5OTMzN15BMl5BanBnXkFtZTcwMTA3NzI1Nw@@._V1_QL75_UY562_CR5,0,380,562_.jpg",8.2,2012,Not Rated,"Action,Biography,Crime,Back to top","The story of Paan Singh Tomar, an Indian athlete and seven-time national steeplechase champion who becomes one of the most feared dacoits in Chambal Valley after his retirement."
71,Hera Pheri,"https://m.media-amazon.com/images/M/MV5BNDZmMGEwMjQtNjFlNi00ZGIxLTlkZjItNmU3Mzg4Y2E0ZjUzXkEyXkFqcGc@._V1_QL75_UX380_CR0,4,380,562_.jpg",8.1,2000,Not Rated,"Action,Comedy,Crime,Back to top","Three unemployed men look for answers to all their money problems - but when their opportunity arrives, will they know what to do with it?"
72,Spadikam,"https://m.media-amazon.com/images/M/MV5BOWUxZDZmZTMtNjExZi00NDlhLTk0MzgtM2U0YWE3ODczNTRjXkEyXkFqcGc@._V1_QL75_UY562_CR35,0,380,562_.jpg",8.6,1995,Not Rated,"Action,Drama,Back to top",A small-town criminal constantly clashes with his strict school headmaster father at the expense of their family lives.
73,Uri: The Surgical Strike,"https://m.media-amazon.com/images/M/MV5BYTgyMTlkZTgtMTMxYi00Mjk5LTg2NTMtNGYyMDVlZWM0NmZjXkEyXkFqcGc@._V1_QL75_UY562_CR5,0,380,562_.jpg",8.2,2019,Not Rated,"Action,Drama,History,Back to top","Indian army special forces execute a covert operation, avenging the killing of fellow army men at their base by a terrorist group."
74,Let's Go! India,"https://m.media-amazon.com/images/M/MV5BMTUzODMyNzk4NV5BMl5BanBnXkFtZTgwNTk1NTYyNTM@._V1_QL75_UY562_CR21,0,380,562_.jpg",8.1,2007,Not Rated,"Drama,Family,Sport,Back to top","Kabir Khan, the coach of the Indian Women's National Hockey Team, dreams of making his all-girls team emerge victorious against all odds."
75,Thirst,"https://m.media-amazon.com/images/M/MV5BYzA1YjBjM2EtMDZkMi00MTkzLTg3MzMtNjQxNDRlN2Q3MzMyXkEyXkFqcGc@._V1_QL75_UX380_CR0,7,380,562_.jpg",8.3,1957,Not Rated,"Drama,Musical,Romance,Back to top",A talented but indigent poet Vijay struggles for love and recognition in this selfish world.
76,Mudhalvan,"https://m.media-amazon.com/images/M/MV5BMTJmNDJkNWItNzMwZS00MGE3LThmNDItODkzYzQ4YjQzYTY2XkEyXkFqcGc@._V1_QL75_UY562_CR18,0,380,562_.jpg",8.4,1999,Not Rated,"Action,Drama,Thriller,Back to top","A man accepts a challenge to act as the Chief Minister of Tamil Nadu for one day only, and makes such a success of it that soon he is embroiled in political intrigue."
77,Papanasam,"https://m.media-amazon.com/images/M/MV5BYzI4NjgyZGItM2FmNS00NjlmLWFkZDAtNGYxNjQzZTQ4YTFhXkEyXkFqcGc@._V1_QL75_UY562_CR37,0,380,562_.jpg",8.4,2015,Not Rated,"Crime,Drama,Thriller,Back to top",Desperate measures are taken by a man who tries to save his family from the dark side of the law after they commit an unexpected crime.
78,Black,"https://m.media-amazon.com/images/M/MV5BNTgzMTNmMDQtNWU0MS00MTFjLTk0ZWYtNGJmMWFlYTllMTU3XkEyXkFqcGc@._V1_QL75_UY562_CR4,0,380,562_.jpg",8.1,2005,Not Rated,"Drama,Back to top","The cathartic tale of a young woman who can't see, hear, or speak, and the teacher who brings a ray of light into her dark world."
79,Jo Jeeta Wohi Sikandar,"https://m.media-amazon.com/images/M/MV5BMTRkMTFhMzMtOWViMi00NzBhLTg2Y2QtMjBkMDQxNzRiZWI5XkEyXkFqcGc@._V1_QL75_UY562_CR7,0,380,562_.jpg",8.2,1992,Not Rated,"Comedy,Drama,Romance,Back to top","A rich brat and a poor chap try to woo a girl, with their rivalry culminating in the most prestigious college event - the marathon cycle race."
80,Pudhu Pettai,"https://m.media-amazon.com/images/M/MV5BZDQ4YmMyYTAtYTNiZS00NzM2LWFkMmQtNGUzNDJkMDU0MWUwXkEyXkFqcGc@._V1_QL75_UX380_CR0,4,380,562_.jpg",8.5,2006,Not Rated,"Action,Crime,Drama,Back to top","After running away from his home, Kumar falls in with a gang and slowly rises through the ranks of the criminal underworld."
81,Mandela,"https://m.media-amazon.com/images/M/MV5BYzQyMjQwOWQtZWMzOC00NDgwLWFkNzMtMjc2ZWNiZmQ0Y2RmXkEyXkFqcGc@._V1_QL75_UX380_CR0,33,380,562_.jpg",8.4,2021,2h 20m,"Comedy,Drama,Back to top",A local barber's fate turns overnight when he becomes the single deciding vote in the village elections.
82,Lagaan: Once Upon a Time in India,"https://m.media-amazon.com/images/M/MV5BM2FmODM4OTktOTRjOS00ZTIzLWIzZjAtMDBhOGEzYThkNzMzXkEyXkFqcGc@._V1_QL75_UX380_CR0,4,380,562_.jpg",8.1,2001,PG,"Drama,Musical,Sport,Back to top",The people of a small village in Victorian India stake their future on a game of cricket against their ruthless British rulers.
83,PK,"https://m.media-amazon.com/images/M/MV5BMTYzOTE2NjkxN15BMl5BanBnXkFtZTgwMDgzMTg0MzE@._V1_QL75_UY562_CR4,0,380,562_.jpg",8.1,2014,Not Rated,"Comedy,Drama,Sci-Fi,Back to top",An alien on Earth loses the only device he can use to communicate with his spaceship. His innocent nature and child-like questions force the country to evaluate the impact of there religious... Read all
84,Dhuruvangal Pathinaaru,"https://m.media-amazon.com/images/M/MV5BMzU1MTE2NjUtMTQ0NS00MzkyLThlOTMtYWQ4ZmUzZGZhZDczXkEyXkFqcGc@._V1_QL75_UX380_CR0,4,380,562_.jpg",8.2,2016,Not Rated,"Crime,Drama,Mystery,Back to top","A police officer retires after an accident during a case investigation. Years later, he is forced to relive the past as he narrates the story to his friend's son."
85,Sholay,"https://m.media-amazon.com/images/M/MV5BMDNjZTE2ZWItZDZmOC00Y2UzLWI0NzctZGFmYzkzODllNjQ3XkEyXkFqcGc@._V1_QL75_UY562_CR25,0,380,562_.jpg",8.1,1975,Not Rated,"Action,Adventure,Comedy,Back to top","After his family is murdered by a notorious and ruthless bandit, a former police officer enlists the services of two outlaws to capture the bandit."
86,Drishyam 2,"https://m.media-amazon.com/images/M/MV5BNGYyY2I5MzktMDg2MC00Nzc4LWIwNmYtMjg3NzE1ODQyMDllXkEyXkFqcGc@._V1_QL75_UY562_CR35,0,380,562_.jpg",8.2,2022,Not Rated,"Crime,Drama,Mystery,Back to top",A gripping tale of an investigation and a family which is threatened by it. Will Vijay Salgaonkar be able to protect his family this time?
87,Soodhu Kavvum,"https://m.media-amazon.com/images/M/MV5BMGEyOGE4ODMtNTAzOS00NDA0LTliZGEtMmQ1Yjk4OTcwN2Y2XkEyXkFqcGc@._V1_QL75_UY562_CR7,0,380,562_.jpg",8.3,2013,Not Rated,"Comedy,Crime,Thriller,Back to top","Das, with his team, kidnap Arumai, son of a politician, who has been planning his own kidnapping to extract money from his father. Problems arise, when an insane cop is brought to handle the... Read all"
88,Talvar,"https://m.media-amazon.com/images/M/MV5BMTYzODg0Mjc4M15BMl5BanBnXkFtZTgwNzY4Mzc3NjE@._V1_QL75_UY562_CR18,0,380,562_.jpg",8.1,2015,Not Rated,"Crime,Drama,Mystery,Back to top",An experienced investigator confronts several conflicting theories about the perpetrators of a violent double homicide.
89,Queen,"https://m.media-amazon.com/images/M/MV5BZWU0ZWFhODYtMWE5NC00YzNiLWJlZTctMjFhODhjNDdmZjFmXkEyXkFqcGc@._V1_QL75_UY562_CR5,0,380,562_.jpg",8.1,2013,Not Rated,"Adventure,Comedy,Drama,Back to top",A Delhi girl from a traditional family sets out on a solo honeymoon after her marriage gets cancelled.
90,Sarfarosh,"https://m.media-amazon.com/images/M/MV5BMTQwOWFhY2QtZDBjYS00YzY3LWEyNTItOGQxMjU1ZWI3ODYxXkEyXkFqcGc@._V1_QL75_UY562_CR6,0,380,562_.jpg",8.1,1999,Not Rated,"Action,Crime,Drama,Back to top","After his brother is killed and father severely injured by terrorists, a young med student quits his studies to join the Indian Police Service to wipe out the terrorists."
91,Udaan,"https://m.media-amazon.com/images/M/MV5BNzgxMzExMzUwNV5BMl5BanBnXkFtZTcwMDc2MjUwNA@@._V1_QL75_UY562_CR5,0,380,562_.jpg",8.1,2010,Not Rated,"Drama,Back to top","Expelled from his school, a 16-year old boy returns home to his abusive and oppressive father."
92,Article 15,"https://m.media-amazon.com/images/M/MV5BYmNlMWYzN2MtODNhOC00ZTdhLTk3NzAtNzRkMTg3MWE4ZmJhXkEyXkFqcGc@._V1_QL75_UY562_CR5,0,380,562_.jpg",8.1,2019,Not Rated,"Crime,Drama,Mystery,Back to top","In the rural heartlands of India, an upright police officer sets out on a crusade against violent caste-based crimes and discrimination."
93,OMG: Oh My God!,"https://m.media-amazon.com/images/M/MV5BMzhmY2E3MDctYjAzOS00ZmQyLTk2M2QtODg0MWU0Y2VjNWRkXkEyXkFqcGc@._V1_QL75_UY562_CR4,0,380,562_.jpg",8.1,2012,Not Rated,"Comedy,Drama,Fantasy,Back to top",A shopkeeper takes God to court when his shop is destroyed by an earthquake.
94,Barfi!,"https://m.media-amazon.com/images/M/MV5BMTQzMTEyODY2Ml5BMl5BanBnXkFtZTgwMjA0MDUyMjE@._V1_QL75_UY562_CR5,0,380,562_.jpg",8.1,2012,Not Rated,"Comedy,Drama,Romance,Back to top",Three young people learn that love can neither be defined nor contained by society's definition of normal and abnormal.
95,Jigarthanda,"https://m.media-amazon.com/images/M/MV5BOGM5NGE4Y2UtMzQzZS00ZGRjLWFiNDItNjk5YTkwZmMyZmM5XkEyXkFqcGc@._V1_QL75_UX380_CR0,16,380,562_.jpg",8.2,2014,Not Rated,"Action,Comedy,Crime,Back to top",An aspiring director targets a ruthless gangster because he wants to make a violent gangster film. His discreet attempts to research the gangster fail miserably. Finally when he gets caught ... Read all
96,Jana Gana Mana,"https://m.media-amazon.com/images/M/MV5BZDg4ZGEwY2EtMmIwNy00NjZiLWI1ZDMtNGM2OWFkNDdhYzY2XkEyXkFqcGc@._V1_QL75_UY562_CR3,0,380,562_.jpg",8.3,2022,Dijo Jose Antony,"Crime,Drama,Thriller,Back to top","As a college professor's brutal murder sparks student unrest, a cop launches an investigation while a lawyer seeks justice in the the courtroom."
97,Theeran Adhigaram Ondru,"https://m.media-amazon.com/images/M/MV5BYmQ4YjVhMWQtODQwMC00NWQ4LTgzMGMtMGFkOTExNzAyNzM5XkEyXkFqcGc@._V1_QL75_UY562_CR13,0,380,562_.jpg",8.2,2017,Not Rated,"Action,Crime,Thriller,Back to top","Theeran, a police officer, is entrusted with the task to solve the mystery behind a series of murders. The only clue left behind is that all the murders are committed in the same pattern."
98,The Legend of Bhagat Singh,"https://m.media-amazon.com/images/M/MV5BNmNjN2VmZGUtOTFkNi00Mzg1LWFhYTUtYzEzZDg1MjkzODNkXkEyXkFqcGc@._V1_QL75_UY562_CR6,0,380,562_.jpg",8.1,2002,Not Rated,"Action,Biography,Drama,Back to top",The story of a young revolutionary who raised an armed resistance against the British rule in India.
99,Rang De Basanti,"https://m.media-amazon.com/images/M/MV5BMTJhZTdmODctZWY3Zi00MGI3LThiZDMtZWQ5ZjNkYzQyMTI3XkEyXkFqcGc@._V1_QL75_UY562_CR7,0,380,562_.jpg",8.1,2006,Not Rated,"Comedy,Crime,Drama,Back to top","The story of six young Indians who assist an English woman to film a documentary on the freedom fighters from their past, and the events that lead them to relive the long-forgotten saga of f... Read all"
100,Baahubali 2: The Conclusion,"https://m.media-amazon.com/images/M/MV5BNTRhYTlhZTgtYmMyYy00NWI4LTk4MzItOWM2YjBmYTg2OTI2XkEyXkFqcGc@._V1_QL75_UY562_CR9,0,380,562_.jpg",8.2,2017,Not Rated,"Action,Drama,Back to top","Amarendra Baahubali, the heir apparent to the throne of Mahishmati, finds his life and relationships endangered as his adoptive brother Bhallaladeva conspires to claim the throne."
101,Ustad Hotel,"https://m.media-amazon.com/images/M/MV5BNTU2MzI3ZTMtNjRjOC00ZDBmLTkxYzctZjZjOTk2YTQxNTJlXkEyXkFqcGc@._V1_QL75_UY562_CR21,0,380,562_.jpg",8.2,2012,2h 31m,"Comedy,Drama,Back to top","Faisi wants to go to UK to become a professional chef but circumstances force him to assist his grandfather in a small restaurant in Kozhikode city, changing his outlook on life forever."
102,Kaakkaa Muttai,"https://m.media-amazon.com/images/M/MV5BM2I2ZDcyOTktNzNhMC00NDlhLTg1YWUtZGQ1NTQ3YThmYzg0XkEyXkFqcGc@._V1_QL75_UY562_CR8,0,380,562_.jpg",8.3,2014,1h 49m,"Comedy,Drama,Back to top",Two slum kids yearn to taste a pizza after being enticed by the pizza shop that has opened near their locality. What happens when they manage to find the money to buy one?
103,Angoor,"https://m.media-amazon.com/images/M/MV5BYmQyYjA4ZDAtYjQ5Zi00MzljLWE1ZDItYjYyNzg5MmM3YTBiXkEyXkFqcGc@._V1_QL75_UY562_CR16,0,380,562_.jpg",8.3,1982,Not Rated,"Comedy,Back to top","Based on Shakespeare's 'A Comedy of Errors', this is a story of identical twins (2 pairs) and mistaken identities."
104,Maheshinte Prathikaaram,"https://m.media-amazon.com/images/M/MV5BNmVhZWNjZTAtMGU3Yy00NTc3LTkyNWMtZjY3NmQxODk3NzQ5XkEyXkFqcGc@._V1_QL75_UY562_CR21,0,380,562_.jpg",8.3,2016,Not Rated,"Comedy,Drama,Thriller,Back to top","Mahesh, a studio photographer and studio owner gets into a fight and loses. He ends up taking revenge which leads to certain realizations in his life."
105,Virumandi,"https://m.media-amazon.com/images/M/MV5BMDVjYzQyMGEtYjJmYS00NTU1LWJjYjYtMTkxNTkwOGZjZjllXkEyXkFqcGc@._V1_QL75_UX380_CR0,6,380,562_.jpg",8.4,2004,Not Rated,"Action,Crime,Drama,Back to top",A temperamental farmer gets embroiled in a bloody clan feud in a southern Tamil Nadu village.
106,Kahaani,"https://m.media-amazon.com/images/M/MV5BMTQ1NDI0NzkyOF5BMl5BanBnXkFtZTcwNzAyNzE2Nw@@._V1_QL75_UY562_CR5,0,380,562_.jpg",8.1,2012,Not Rated,"Mystery,Thriller,Back to top","A pregnant woman's search for her missing husband takes her from London to Kolkata, but everyone she questions denies having ever met him."
107,Dil Chahta Hai,"https://m.media-amazon.com/images/M/MV5BYjY4NzgzNTQtZDhiNi00ZGJiLWIzMWQtNDg3YzkyNTdkZjAyXkEyXkFqcGc@._V1_QL75_UX380_CR0,5,380,562_.jpg",8.1,2001,Not Rated,"Comedy,Drama,Romance,Back to top","Three inseparable childhood friends are just out of college. Nothing comes between them - until they each fall in love, and their wildly different approaches to relationships creates tension... Read all"
108,A Wednesday,"https://m.media-amazon.com/images/M/MV5BMjNhOGI3NmQtODJmNy00MWM5LWIzYmMtZWEwZDkwMWUwZGZlXkEyXkFqcGc@._V1_QL75_UY562_CR7,0,380,562_.jpg",8.1,2008,Not Rated,"Action,Crime,Drama,Back to top",A retiring police officer reminisces about the most astounding day of his career. About a case that was never filed but continues to haunt him in his memories - the case of a man and a Wedne... Read all
109,Baasha,"https://m.media-amazon.com/images/M/MV5BZWE4M2RlZTEtNGM0YS00NWIxLWFjNDEtOWJkMzY0MDQ0NTgwXkEyXkFqcGc@._V1_QL75_UX380_CR0,16,380,562_.jpg",8.3,1995,Not Rated,"Action,Crime,Drama,Back to top","An auto driver, Manikam, desperately tries to hide his dark underworld side to keep his promise to his father."
110,Masaan,"https://m.media-amazon.com/images/M/MV5BMTU4NTE0NTMyNl5BMl5BanBnXkFtZTgwNjI5MDkxNjE@._V1_QL75_UX380_CR0,4,380,562_.jpg",8.1,2015,1h 49m,"Drama,Back to top","Along India's Ganges River, four people face prejudice, a strict moral code and a punishing caste system as they confront personal tragedies."
111,Shershaah,"https://m.media-amazon.com/images/M/MV5BZTAzNzg0OGUtZmY1My00Y2VmLTk2YzYtNDU3MjlmNzU5ZjE3XkEyXkFqcGc@._V1_QL75_UY562_CR21,0,380,562_.jpg",8.3,2021,TV-14,"Action,Biography,Drama,Back to top","Shershaah is the story of PVC awardee Indian soldier Capt. Vikram Batra, whose bravery and unflinching courage in chasing the Pakistani soldiers out of Indian territory contributed immensely... Read all"
112,"Carry On, Munna Bhai","https://m.media-amazon.com/images/M/MV5BYWY4MDNmZDgtYjYzZS00YTc5LTgwYTYtNTY4MjgyNWRmNTkyXkEyXkFqcGc@._V1_QL75_UY562_CR4,0,380,562_.jpg",8,2006,Not Rated,"Comedy,Drama,Romance,Back to top",Munna Bhai embarks on a journey with Mahatma Gandhi in order to fight against a corrupt property dealer.
113,2018,"https://m.media-amazon.com/images/M/MV5BMjBjYzVmOTAtMWI2NC00ODhiLTk4NDYtYmY3YmQxYmU2NTI5XkEyXkFqcGc@._V1_QL75_UY562_CR3,0,380,562_.jpg",8.5,2023,2h 30m,"Action,Drama,Thriller,Back to top",A disaster film set during the 2018 Kerala Floods where people from all walks of life faced catastrophic consequences and put in collective efforts to survive the calamity.
114,Iqbal,"https://m.media-amazon.com/images/M/MV5BMzM5NTgwMWMtY2IxMS00YWY0LTg5YmQtNWEzNjhlOTAzZWY5XkEyXkFqcGc@._V1_QL75_UY562_CR5,0,380,562_.jpg",8.1,2005,Not Rated,"Drama,Sport,Back to top","Iqbal, the deaf and mute son of a farmer, has a passion for the game of cricket and seeks the tutelage of a washed-up, alcoholic ex-player."
115,Pithamagan,"https://m.media-amazon.com/images/M/MV5BMmY5NjI3ZjktOTY2NS00OTQwLTllMzktYmE2OGFkYjkwOGMyXkEyXkFqcGc@._V1_QL75_UY562_CR12,0,380,562_.jpg",8.3,2003,Not Rated,"Action,Drama,Back to top","Chittan, a social outcast, has grown up in a cemetery. A drug dealer finds him a job in a cannabis farm. In prison, he meets a conman, Shakti. This friendship transforms him from his stony e... Read all"
116,Lucia,"https://m.media-amazon.com/images/M/MV5BMTQyMDA5ODkzN15BMl5BanBnXkFtZTgwMjIzMDkyMDE@._V1_QL75_UY562_CR3,0,380,562_.jpg",8.3,2013,Not Rated,"Drama,Sci-Fi,Thriller,Back to top","A man suffering from insomnia is tricked into buying a drug, Lucia, that makes his desires come true in his dreams, blurring the line between fantasy and reality."
117,Kaun Pravin Tambe?,"https://m.media-amazon.com/images/M/MV5BNGFlYTZlY2YtYzljYi00YmRmLTkwNzctYWFlNGM3ZTFmYjhiXkEyXkFqcGc@._V1_QL75_UX380_CR0,19,380,562_.jpg",8.4,2022,2h 14m,"Biography,Drama,Sport,Back to top",An indian cricketer who shows persistence and hardwork to achieve his ultimate goal of playing a Ranji Trophy. At the penultimate stage of the career at a age when it is believed people's ca... Read all
118,Pink,"https://m.media-amazon.com/images/M/MV5BZGY0NWI0NmQtMjhiYi00ZjM4LWJhNjMtOGRkOTc0ZjI5M2ZiXkEyXkFqcGc@._V1_QL75_UY562_CR21,0,380,562_.jpg",8.1,2016,Not Rated,"Crime,Drama,Thriller,Back to top","When three young women are implicated in a crime, a retired lawyer steps forward to help them clear their names."
119,Anand,"https://m.media-amazon.com/images/M/MV5BN2M5YjUyOTktNTQxNC00MzQ2LTk2NDAtMTFkMjBlODlhOGRlXkEyXkFqcGc@._V1_QL75_UX380_CR0,4,380,562_.jpg",8.1,1971,Not Rated,"Drama,Musical,Back to top","The story of a terminally ill man who wishes to live life to the fullest before the inevitable occurs, as told by his best friend."
120,Nil Battey Sannata,"https://m.media-amazon.com/images/M/MV5BN2Y3MTA0ZjktNWExNC00Yjg4LThmNGMtMGNkMTViMDdhZjYzXkEyXkFqcGc@._V1_QL75_UY562_CR5,0,380,562_.jpg",8.2,2015,1h 40m,"Drama,Family,Back to top",A story about a single woman (a Mom) and dreams on her Daughter.
121,Roja,"https://m.media-amazon.com/images/M/MV5BMDE0ZDM1M2MtZTAzNS00MDRmLTk1YTktYzU1ZGEyZmJjYzA3XkEyXkFqcGc@._V1_QL75_UX380_CR0,4,380,562_.jpg",8.1,1992,2h 17m,"Drama,Romance,Thriller,Back to top","A woman from a village in Tamil Nadu marries a sophisticated city dweller and moves with him to Kashmir, where all is rosy - until he gets kidnapped by militants."
122,Bajrangi Bhaijaan,"https://m.media-amazon.com/images/M/MV5BYzVjMjZiNGUtZjZiNy00Yzg4LWEzYzYtMmI1NDg5NWNiNjUwXkEyXkFqcGc@._V1_QL75_UY562_CR4,0,380,562_.jpg",8.1,2015,Not Rated,"Action,Adventure,Comedy,Back to top",An Indian man with a magnanimous heart takes a young mute Pakistani girl back to her homeland to reunite her with her family.
123,Charulata,"https://m.media-amazon.com/images/M/MV5BOTZhNjg2NDAtYTMzMy00YTNhLTkyNzMtYThmOWU0ZjE2MjI0XkEyXkFqcGc@._V1_QL75_UX380_CR0,4,380,562_.jpg",8.1,1964,Not Rated,"Drama,Romance,Back to top","The lonely wife of a newspaper editor falls in love with her visiting cousin-in-law, who shares her love for literature."
124,Alai Payuthey,"https://m.media-amazon.com/images/M/MV5BMjU5ZjE0ODYtODBmZS00NWM2LTllZGYtOWQ1Y2NhZmExN2QyXkEyXkFqcGc@._V1_QL75_UX380_CR0,16,380,562_.jpg",8.3,2000,Not Rated,"Drama,Musical,Romance,Back to top","After a difficult romance in a class-divided society, the love birds find out marriage is not what they thought it would be."
125,A Northern Story of Valor,"https://m.media-amazon.com/images/M/MV5BODQ4NjQ0YjMtODFhNC00YWQzLWIxMzItYTJjYjYwNjMwNmRjXkEyXkFqcGc@._V1_QL75_UY562_CR1,0,380,562_.jpg",8.7,1989,2h 48m,"Drama,History,Back to top",The film offers an alternative version of the fight between two legendary Chekavars from Chanthu's perspective.
126,Bommarillu,"https://m.media-amazon.com/images/M/MV5BMTEzNTRmZWMtMjA3NS00ZmZlLTg2YmQtMTY3NjBkZWViMTQxXkEyXkFqcGc@._V1_QL75_UY562_CR9,0,380,562_.jpg",8.2,2006,Bommarillu Baskar,"Comedy,Drama,Romance,Back to top",A young man realizes that he has to push back against his domineering father if he wants to find true happiness and love.
127,Omkara,"https://m.media-amazon.com/images/M/MV5BYTMxNTk3NzktODgzZC00MjhiLWEwZGEtYzFlN2M1ZjUwNDFjXkEyXkFqcGc@._V1_QL75_UX380_CR0,4,380,562_.jpg",8.1,2006,Not Rated,"Action,Crime,Drama,Back to top",A politically-minded enforcer's misguided trust in his lieutenant leads him to suspect his wife of infidelity in this adaptation of Shakespeare's 'Othello'.
128,Section 375,"https://m.media-amazon.com/images/M/MV5BYzhjMDk1NmQtYjU5My00ZmE0LWI5ZmQtZTc2ODYwNGZiNzQ3XkEyXkFqcGc@._V1_QL75_UY562_CR5,0,380,562_.jpg",8.1,2019,Not Rated,"Crime,Drama,Mystery,Back to top","A celebrated Bollywood director Rohan Khurana stands accused by a female member of his crew, Anjali Dangle of having raped her at his residence."
129,Bombay,"https://m.media-amazon.com/images/M/MV5BNzkxOGRiMTItMjAyMC00NjRhLWJjODktNWY5YzQwNDYyZmViXkEyXkFqcGc@._V1_QL75_UY562_CR21,0,380,562_.jpg",8.1,1995,Not Rated,"Drama,Romance,Back to top","A Hindu man and a Muslim woman fall in love in a small village and move to Mumbai, where they have two children. However, growing religious tensions and erupting riots threaten to tear the f... Read all"
130,K.G.F: Chapter 1,"https://m.media-amazon.com/images/M/MV5BM2M0YmIxNzItOWI4My00MmQzLWE0NGYtZTM3NjllNjIwZjc5XkEyXkFqcGc@._V1_QL75_UX380_CR0,4,380,562_.jpg",8.2,2018,Not Rated,"Action,Crime,Drama,Back to top","In the 1970s, a gangster named Rocky goes undercover as a slave to assassinate the owner of a notorious gold mine known as the K.G.F."
131,Kantara,"https://m.media-amazon.com/images/M/MV5BY2VkZjk5ZjMtM2ExOS00ZDA1LTg1ZDEtYTliNGZiYTc4ZWZiXkEyXkFqcGc@._V1_QL75_UY562_CR21,0,380,562_.jpg",8.3,2022,Not Rated,"Action,Adventure,Drama,Back to top","When greed paves the way for betrayal, scheming and murder, a young tribal reluctantly dons the traditions of his ancestors to seek justice."
132,Indian,"https://m.media-amazon.com/images/M/MV5BODE4MmQ1ZDYtYTZkMC00ZmVhLWJjZjAtNTA5NGIyYzQ1YjI4XkEyXkFqcGc@._V1_QL75_UY562_CR21,0,380,562_.jpg",8.1,1996,Not Rated,"Action,Drama,Thriller,Back to top",A veteran freedom fighter enraged with the rising crime and corruption in the society murders all the wrong doers one by one using an ancient martial arts technique.
133,Rangasthalam 1985,"https://m.media-amazon.com/images/M/MV5BMjQxNjg4ZGUtNzViNS00Y2Q3LTlkOTUtZDFlNjc5NjE3Njc2XkEyXkFqcGc@._V1_QL75_UY562_CR9,0,380,562_.jpg",8.2,2018,Not Rated,"Action,Drama,Back to top",Chitti Babu begins to suspect his elder brother's life is in danger after they team up to lock horns with their village president and overthrow his unlawful 30 year old regime.
134,Dilwale Dulhania Le Jayenge,"https://m.media-amazon.com/images/M/MV5BMDQyMDI4ZGMtYjI5MS00YTk1LTk3ZDgtZTA3MzQ5YWQ4Y2Q4XkEyXkFqcGc@._V1_QL75_UY562_CR21,0,380,562_.jpg",8,1995,Not Rated,"Drama,Romance,Back to top","When Raj meets Simran in Europe, it isn't love at first sight but when Simran moves to India for an arranged marriage, love makes its presence felt."
135,Haider,"https://m.media-amazon.com/images/M/MV5BMjA1NTEwMDMxMF5BMl5BanBnXkFtZTgwODkzMzI0MjE@._V1_QL75_UY562_CR4,0,380,562_.jpg",8,2014,Not Rated,"Action,Crime,Drama,Back to top","A young man returns to Kashmir after his father's disappearance to confront his uncle, whom he suspects of playing a role in his father's fate."
136,Andaz Apna Apna,"https://m.media-amazon.com/images/M/MV5BOTc3OTgwNmUtYmY2Ny00YjQ2LWE3Y2UtMDlmODg0OTY3ZmI3XkEyXkFqcGc@._V1_QL75_UX380_CR0,4,380,562_.jpg",8,1994,Not Rated,"Action,Comedy,Romance,Back to top",Two slackers competing for the affections of an heiress inadvertently become her protectors from an evil criminal.
137,Mughal-E-Azam,"https://m.media-amazon.com/images/M/MV5BNWE0M2M0NTQtMTNkMS00ODgyLTg4MDMtODEwZjZjOTE1MDhjXkEyXkFqcGc@._V1_QL75_UY562_CR3,0,380,562_.jpg",8.1,1960,Not Rated,"Drama,Romance,War,Back to top",A 16th century prince falls in love with a court dancer and battles with his emperor father.
138,Athadu,"https://m.media-amazon.com/images/M/MV5BYzU5YmY2NzQtZTVhZS00ZDQyLWI1YTQtZTI4MzYxOTcxMmM3XkEyXkFqcGc@._V1_QL75_UY562_CR21,0,380,562_.jpg",8.2,2005,Not Rated,"Action,Crime,Drama,Back to top","A gunman for hire is framed for murder, and assumes a dead man's identity while hiding from the police."
139,The Great Indian Kitchen,"https://m.media-amazon.com/images/M/MV5BYTcyN2UyNzgtMTlhOC00NjdmLWFhMzQtZTQ1ZjNiYmYxOTQwXkEyXkFqcGc@._V1_QL75_UY562_CR35,0,380,562_.jpg",8.1,2021,1h 40m,"Comedy,Drama,Back to top","After marriage, a woman struggles to be the submissive wife that her husband and his family expect her to be. The story follows her journey, as she changes herself and, even more so, changes... Read all"
140,Special 26,"https://m.media-amazon.com/images/M/MV5BMTQ1NDI5MjMzNF5BMl5BanBnXkFtZTcwMTc0MDQwOQ@@._V1_QL75_UY562_CR5,0,380,562_.jpg",8,2013,Not Rated,"Crime,Drama,Thriller,Back to top",A gang of con-men rob prominent rich businessmen and politicians by posing as C.B.I and income tax officers.
141,Vaaranam Aayiram,"https://m.media-amazon.com/images/M/MV5BZTAxMWZlMjEtZTNiNS00MzZhLTk5NDYtZGM0YWVhMDEzYTY1XkEyXkFqcGc@._V1_QL75_UY562_CR72,0,380,562_.jpg",8.2,2008,Not Rated,"Action,Drama,Musical,Back to top","A father and son help each other through growing up, romance, tragedy, and adventure."
142,Maanaadu,"https://m.media-amazon.com/images/M/MV5BZDJiZWVjNDUtNjJmYS00ZGQ1LWExMjUtMjg4ZTI0MDZiNTBjXkEyXkFqcGc@._V1_QL75_UY562_CR36,0,380,562_.jpg",8.3,2021,PG-13,"Action,Adventure,Sci-Fi,Back to top","On the day of a public conference by the state's Chief Minister, his bodyguard and a police officer are stuck in a time loop."
143,Maqbool,"https://m.media-amazon.com/images/M/MV5BMTlmOGU5MTgtYjJjNy00ZWJhLTlhMGQtMTZmMGI5YjQ3ZDNiXkEyXkFqcGc@._V1_QL75_UY562_CR13,0,380,562_.jpg",8,2003,Not Rated,"Crime,Drama,Thriller,Back to top",The intrigue of the Shakespearean tragedy 'Macbeth' is transposed to the Mumbai underworld.
144,Thadam,"https://m.media-amazon.com/images/M/MV5BY2Y2NTQwODUtODJmOC00NTc0LTgxZWQtNDRkNDg4N2EyNDE1XkEyXkFqcGc@._V1_QL75_UY562_CR18,0,380,562_.jpg",8.1,2019,Not Rated,"Action,Crime,Drama,Back to top",The murder of a youngster creates confusion among cops when they discover the suspect has a lookalike.
145,Padaiyappa,"https://m.media-amazon.com/images/M/MV5BMWU1YjczOTctYmY2Ny00NDM5LTg5M2UtMGM5ZTVkNzY2YzA1XkEyXkFqcGc@._V1_QL75_UX380_CR0,18,380,562_.jpg",8.2,1999,3h 1m,"Action,Comedy,Drama,Back to top","The death of Padaiyappa's father destroys his family. But his luck changes, and he is able to lead a prosperous life, until his nemesis plots to ruin his happiness once more."
146,Gulaal,"https://m.media-amazon.com/images/M/MV5BMGFjYTIyYjktOWRlMS00ODQ4LWE0M2QtNTcwMzE2ZjNlMTQ5XkEyXkFqcGc@._V1_QL75_UY562_CR6,0,380,562_.jpg",8,2009,Not Rated,"Crime,Drama,Thriller,Back to top","A law student witnesses deception, homicide, and crime after being elected as General Secretary of his college."
147,Ulidavaru Kandanthe,"https://m.media-amazon.com/images/M/MV5BMTc3ODUxODg3MV5BMl5BanBnXkFtZTgwMDc0MDY4MTE@._V1_QL75_UX380_CR0,4,380,562_.jpg",8.4,2014,Not Rated,"Crime,Drama,Thriller,Back to top","A journalist sets out to uncover the truth behind an incident, through the perspectives of different people, unraveling how they and their lives are intertwined with it."
148,Pelli Choopulu,"https://m.media-amazon.com/images/M/MV5BNWUyN2NhZjMtZDJkNC00YjM0LTlkNGQtMmFlYWUzNDI1ZDMxXkEyXkFqcGc@._V1_QL75_UY562_CR9,0,380,562_.jpg",8.2,2016,2h 5m,"Comedy,Drama,Romance,Back to top",A wannabe businesswoman and a happy-go-lucky guy meet each other during an arranged marriage blind date but eventually team up to start a food truck on their own.
149,K.G.F: Chapter 2,"https://m.media-amazon.com/images/M/MV5BZmQzZjVkZTUtYjI4ZC00ZDJmLWI0ZDUtZTFmMGM1Mzc5ZjIyXkEyXkFqcGc@._V1_QL75_UY562_CR9,0,380,562_.jpg",8.3,2022,Not Rated,"Action,Crime,Drama,Back to top","In the blood-soaked Kolar Gold Fields, Rocky's name strikes fear into his foes. While his allies look up to him, the government sees him as a threat to law and order. Rocky must battle threa... Read all"
150,Vaastav: The Reality,"https://m.media-amazon.com/images/M/MV5BMDI0ZGMwNWEtNTE1Ny00YWI0LTgwNmQtMjgzMzIxNzkyYTVhXkEyXkFqcGc@._V1_QL75_UY562_CR21,0,380,562_.jpg",8,1999,Not Rated,"Action,Crime,Drama,Back to top",Consequences force an innocent man to get involved in crime after making an error.
151,Deewaar,"https://m.media-amazon.com/images/M/MV5BMTU2NTYyOTA3NV5BMl5BanBnXkFtZTcwMDMyNjEzMQ@@._V1_QL75_UY562_CR3,0,380,562_.jpg",8,1975,Not Rated,"Action,Crime,Drama,Back to top","Vijay struggles as a dockworker and eventually becomes a leading figure of the underworld, while his younger brother Ravi is an educated, upright policeman. This divide causes problems in th... Read all"
152,Viduthalai: Part 1,"https://m.media-amazon.com/images/M/MV5BYzFjYTE5MDctYzYwNS00MGQ3LThiMTgtZDgxMTJiYzlhYTdlXkEyXkFqcGc@._V1_QL75_UX380_CR0,57,380,562_.jpg",8.3,2023,Not Rated,"Action,Crime,Drama,Back to top",A police officer is recruited to capture the leader of a separatist group.
153,Company,"https://m.media-amazon.com/images/M/MV5BMTliMWMzYTktNGY0Yy00N2VjLTlmNjEtMDUwMWNjMmI3YmU0XkEyXkFqcGc@._V1_QL75_UY562_CR5,0,380,562_.jpg",8,2002,Not Rated,"Action,Crime,Drama,Back to top","A small-time gangster named Chandu teams up with Malik, a low-level enforcer for a criminal syndicate. Together they eliminate all their enemies, becoming the most feared gangsters in Mumbai... Read all"
154,Ugly,"https://m.media-amazon.com/images/M/MV5BNGExZjhjMWYtYmRmNC00ZmRkLWJmYTYtMjY0YzUzNDcyNzhkXkEyXkFqcGc@._V1_QL75_UY562_CR5,0,380,562_.jpg",7.9,2013,Not Rated,"Crime,Drama,Mystery,Back to top",The case of a missing girl takes us through a journey of human greed and brushes upon the egos and repressed emotions of the characters.
155,Naduvula Konjam Pakkatha Kaanom,"https://m.media-amazon.com/images/M/MV5BZjgzYjhiNGYtMzIzMS00NzlmLTk5N2MtMDU2MWM0ZWQzODNhXkEyXkFqcGc@._V1_QL75_UY562_CR14,0,380,562_.jpg",8.2,2012,2h 35m,"Comedy,Drama,Back to top","A young man forgets a few years of his life, even as he is about to get married."
156,Padosan,"https://m.media-amazon.com/images/M/MV5BZjgzYjhiNGYtMzIzMS00NzlmLTk5N2MtMDU2MWM0ZWQzODNhXkEyXkFqcGc@._V1_QL75_UY562_CR14,0,380,562_.jpg",8.1,1968,Not Rated,"Comedy,Musical,Romance,Back to top",A simple man from a village falls in love with his new neighbor. He enlists the help of his musical-theater friends to woo the lovely girl-next-door away from her music teacher.
157,Badhaai Ho,"https://m.media-amazon.com/images/M/MV5BNjk5NjcyZTItMzE4OC00OWY5LWJmMTUtNzZjNmMwODFkNjkxXkEyXkFqcGc@._V1_QL75_UY562_CR4,0,380,562_.jpg",7.9,2018,Not Rated,"Comedy,Drama,Back to top",A man is embarrassed when he finds out his mother is pregnant.
158,Aadukalam,"https://m.media-amazon.com/images/M/MV5BYTM1MWI2ZDQtMTlmYy00YjRiLTk2OGYtM2YzYzEwMGIyMGU5XkEyXkFqcGc@._V1_QL75_UY562_CR3,0,380,562_.jpg",8.1,2011,Not Rated,"Action,Drama,Romance,Back to top",Falling in love with Irene as well as refusing to obey his boss Pettaikaran in a rooster fight complicates Karuppu's life.
159,Kshanam,"https://m.media-amazon.com/images/M/MV5BYmRlMmZjOWItZjgzZS00Mjc4LWEwZWYtZTA3YWZkMjgzY2JkXkEyXkFqcGc@._V1_QL75_UX380_CR0,10,380,562_.jpg",8.2,2016,Not Rated,"Mystery,Thriller,Back to top","Rishi, a non-resident Indian, returns to India to help his ex-lover find her kidnapped daughter."
160,Gully Boy,"https://m.media-amazon.com/images/M/MV5BOWFkY2M3NDctZGEzMS00M2VmLTgzMTAtZWFiNjVmZDc5NWFjXkEyXkFqcGc@._V1_QL75_UY562_CR24,0,380,562_.jpg",7.9,2019,Not Rated,"Drama,Music,Romance,Back to top",A coming-of-age story based on the lives of street rappers in Mumbai.
161,Nayattu,"https://m.media-amazon.com/images/M/MV5BN2UxNWVkMmUtZDBlOC00NTNhLThkMWEtMzJlMDdiODM0NzJiXkEyXkFqcGc@._V1_QL75_UY562_CR3,0,380,562_.jpg",8.1,2021,2h 4m,"Crime,Thriller,Back to top","Three police officers who are on a run for life, escaping the outbreak against them due to the unlawful arrest and torture of a civilian. It brings in a few shades of arrogant yet very much ... Read all"
162,Evaru,"https://m.media-amazon.com/images/M/MV5BOGUzNDdmYjItOWRhYS00YTlmLTgwMWYtMWRmODc0ODNlZWZjXkEyXkFqcGc@._V1_QL75_UY562_CR11,0,380,562_.jpg",8.1,2019,Not Rated,"Crime,Drama,Mystery,Back to top",Sub-inspector Vikram Vasudev is entrusted with the task of investigating the murder of a high ranking officer who was killed by his alleged rape victim. When he delves deeper into the case h... Read all
163,My Name Is Khan,"https://m.media-amazon.com/images/M/MV5BMTUyMTA4NDYzMV5BMl5BanBnXkFtZTcwMjk5MzcxMw@@._V1_QL75_UX380_CR0,0,380,562_.jpg",7.9,2010,PG-13,"Adventure,Drama,Romance,Back to top",An Indian Muslim man with Asperger's syndrome takes a challenge to speak to the President of the United States seriously and embarks on a cross-country journey.
164,Maanagaram,"https://m.media-amazon.com/images/M/MV5BOWZhOTcwZTktOWViYy00ZmY3LWE5OTgtM2JlZDhhNzg2OTBiXkEyXkFqcGc@._V1_QL75_UX380_CR0,0,380,562_.jpg",8.1,2017,Not Rated,"Action,Thriller,Back to top",Four youngsters arrive in a big city and their lives become interlinked.
165,Pranchiyettan and the Saint,"https://m.media-amazon.com/images/M/MV5BZDJkNDc3YjQtNjIwZi00OGVlLWFhNDUtYjUwZjI5NDgzMzE3XkEyXkFqcGc@._V1_QL75_UX380_CR0,60,380,562_.jpg",8.3,2010,2h 20m,"Comedy,Drama,Back to top",Pranchiyettan is a successful businessman who often has talks with an imaginary St. Francis of Assisi. The story deals with how he goes about changing his embarrassing image to making a name... Read all
166,Dev.D,"https://m.media-amazon.com/images/M/MV5BZThhZjhiNGItOWM5ZS00ODM2LWI0OWItYWIzYzc1MWQyMzNlXkEyXkFqcGc@._V1_QL75_UY562_CR5,0,380,562_.jpg",7.9,2009,Not Rated,"Comedy,Drama,Romance,Back to top","After breaking up with his childhood sweetheart, a young man finds solace in drugs. Meanwhile, a teenage girl is caught in the world of prostitution. Will they be destroyed, or will they fin... Read all"
167,Sirf Ek Bandaa Kaafi Hai,"https://m.media-amazon.com/images/M/MV5BYzMzMTY2NDktYjJkNC00MzQ3LWJlZWYtNzRiYzc1NTJkYTI1XkEyXkFqcGc@._V1_QL75_UY562_CR35,0,380,562_.jpg",7.9,2023,2h 12m,"Drama,Back to top",A common man with honesty and integrity can take on the system when he has truth on his side.
168,22 Shey Shraban,"https://m.media-amazon.com/images/M/MV5BNjFkOWI4OTYtMmU1Ni00MDNkLWExNWItYmIxYjIxNGQ3ZDBhXkEyXkFqcGc@._V1_QL75_UY562_CR21,0,380,562_.jpg",8.1,2011,Not Rated,"Action,Crime,Drama,Back to top",An ex-cop is hired to track down a serial killer who carries out his killings according to Bengali poetry.
169,Kal Ho Naa Ho,"https://m.media-amazon.com/images/M/MV5BMDNjZmRmMjEtMDA5NS00ZjIxLWJlYWQtNTIyM2FiZjg4NzM4XkEyXkFqcGc@._V1_QL75_UX380_CR0,10,380,562_.jpg",7.9,2003,Not Rated,"Comedy,Drama,Musical,Back to top","Naina, an introverted, perpetually depressed girl's life changes when she meets Aman. But Aman has a secret of his own which changes their lives forever. Embroiled in all this is Rohit, Nain... Read all"
170,Major,"https://m.media-amazon.com/images/M/MV5BNWNiM2JjNzUtZTA1NC00ODMzLTk2NGItZjVmNDYwYmVmYTIwXkEyXkFqcGc@._V1_QL75_UY562_CR11,0,380,562_.jpg",8.1,2022,2h 30m,"Action,Biography,Drama,Back to top","Based on the life of Major Sandeep Unnikrishnan, who was martyred in action during the November 2008 Mumbai attacks and was consequently awarded the Ashoka Chakra, India's highest peacetime ... Read all"
171,Garuda Gamana Vrishabha Vahana,"https://m.media-amazon.com/images/M/MV5BNDAyYmMwMDAtZDU1MS00NjQ1LWExNzMtNDc1YmQ0N2RkZTU0XkEyXkFqcGc@._V1_QL75_UY562_CR35,0,380,562_.jpg",8.3,2021,Raj B. Shetty,"Crime,Drama,Thriller,Back to top","Set in the backdrop of the coastal and cultural city of modern-day Mangaluru, Hari and his soulmate Shiva rise together to great heights only to face off as bitter enemies resulting to their... Read all"
172,Ayyappanum Koshiyum,"https://m.media-amazon.com/images/M/MV5BNzBiZmNiYzMtYzExZS00YTIwLWJlNzItZWFlMDU4MjE3YTJiXkEyXkFqcGc@._V1_QL75_UX380_CR0,4,380,562_.jpg",8,2020,Not Rated,"Action,Drama,Thriller,Back to top","The story revolves around the clash between Ayyappan, a senior police officer who serves at the Attappadi Police Station and Havildar Koshi, who comes to the village with a motive."
173,Thondi Muthalum Driksakshiyum,"https://m.media-amazon.com/images/M/MV5BNzBiZmNiYzMtYzExZS00YTIwLWJlNzItZWFlMDU4MjE3YTJiXkEyXkFqcGc@._V1_QL75_UX380_CR0,4,380,562_.jpg",8.1,2017,Not Rated,"Crime,Drama,Thriller,Back to top","Prasad and Sreeja enter wedlock and move to a new place to continue the rest of their lives. Unfortunate events begin to take place after Prasad, a small-time thief, robs Sreeja's gold chain... Read all"
174,Jab We Met,"https://m.media-amazon.com/images/M/MV5BYmEyMmYyOTgtM2I0My00M2QyLWJhYTYtNmNhOGYzMzQwMjVhXkEyXkFqcGc@._V1_QL75_UY562_CR4,0,380,562_.jpg",7.9,2007,Not Rated,"Comedy,Drama,Romance,Back to top",A depressed wealthy businessman finds his life changing after he meets a spunky and care-free young woman.
175,M.S,"https://m.media-amazon.com/images/M/MV5BM2UwZTNkMmItYmYzOS00MTk3LTg3NDgtNzg5ZjYxNTIzNzY4XkEyXkFqcGc@._V1_QL75_UY562_CR5,0,380,562_.jpg",8,2016,Not Rated,"Biography,Drama,Sport,Back to top",The untold story of Mahendra Singh Dhoni's journey from ticket collector to trophy collector - the world-cup-winning captain of the Indian Cricket Team.
176,Ship of Theseus,"https://m.media-amazon.com/images/M/MV5BMTU5Njc1NjkxMl5BMl5BanBnXkFtZTgwNTkzNTQwMDE@._V1_QL75_UY562_CR3,0,380,562_.jpg",8,2012,Not Rated,"Drama,Back to top","The film explores questions of identity, justice, beauty, meaning and death through an experimental photographer, an ailing monk and a young stockbroker."
177,Charlie,"https://m.media-amazon.com/images/M/MV5BNzdkNTNjNjQtNWZmYi00NjRjLThkZDctMmJmOWFjNjZhOWY4XkEyXkFqcGc@._V1_QL75_UY562_CR3,0,380,562_.jpg",8,2015,2h 10m,"Adventure,Drama,Romance,Back to top","A young, nonconforming woman named Tessa gets entangled in a cat-and-mouse chase in the by-lanes of Kerala, hunting for a mysterious artist who previously lived in her apartment."
178,Manjhi: The Mountain Man,"https://m.media-amazon.com/images/M/MV5BODEyMGViNjQtM2MyZi00YzMzLTk1MjAtODBjOGFhNDljZjJjXkEyXkFqcGc@._V1_QL75_UY562_CR5,0,380,562_.jpg",8,2015,TV-14,"Biography,Drama,Back to top","Using only a hammer and a chisel, a man spends twenty-two years carving a road through a treacherous mountain."
179,Take Off,"https://m.media-amazon.com/images/M/MV5BYmEwZDRiODAtY2M2Mi00MWU5LWJhZDAtZGRjNTFiOTAwMzc5XkEyXkFqcGc@._V1_QL75_UY562_CR3,0,380,562_.jpg",8.1,2017,2h 19m,"Action,Drama,Thriller,Back to top","In 2014, a group of Malayali nurses was captured when terrorists took over the city of Tikrit in Iraq. This movie recounts the ordeal suffered by the nurses following their capture."
180,Deiva Thirumagal,"https://m.media-amazon.com/images/M/MV5BNjBiNWQyZjQtMGQyYy00ZGViLTk3MjYtNDI0NTc5NjYwMDU0XkEyXkFqcGc@._V1_QL75_UY562_CR66,0,380,562_.jpg",8.2,2011,Not Rated,"Drama,Back to top","A man with disabilities fights for custody of his 7-year-old daughter, and in the process teaches his opponent lawyer the value of love and family."
181,The Brawler,"https://m.media-amazon.com/images/M/MV5BNmJlNjBmZDYtN2UxNy00NzVlLThhZmItNzdiOWI5YTUyOTY0XkEyXkFqcGc@._V1_QL75_UY562_CR5,0,380,562_.jpg",8,2017,Not Rated,"Action,Drama,Sport,Back to top",A boxer struggles to make his mark in the boxing world.
182,Border,"https://m.media-amazon.com/images/M/MV5BNWUxZDIwODYtZGY4Ni00ODA2LWI3Y2UtYmYyOTFlOTAwMjdmXkEyXkFqcGc@._V1_QL75_UY562_CR22,0,380,562_.jpg",7.9,1997,Not Rated,"Action,Drama,History,Back to top","In 1971, along the border region of Longewala, a small battalion of Indian soldiers goes up against a large Pakistani strike force."
183,Vedam,"https://m.media-amazon.com/images/M/MV5BOTEwZDE2YTUtYzk0Ny00MjNhLWIxZTctOWZiOTVkNjYzZmY2XkEyXkFqcGc@._V1_QL75_UX380_CR0,4,380,562_.jpg",8.1,2010,Not Rated,"Action,Drama,Back to top","Stories of 5 people, an educated slum dweller, an aspiring rock star, an old villager, a prostitute and an ostracized Muslim man; all lead up to a night in a hospital filled with jeopardy."
184,Dil Bechara,"https://m.media-amazon.com/images/M/MV5BMDQ5N2QwNGMtNDNjOC00ZmM4LWE2NGYtZjc1MGIzMjhmMzkxXkEyXkFqcGc@._V1_QL75_UY562_CR35,0,380,562_.jpg",8.4,2020,Not Rated,"Comedy,Drama,Romance,Back to top","The emotional journey of two hopelessly-in-love youngsters; a young girl, Kizie, who is suffering from cancer; and Manny, a boy Kizie meets at a support group."
185,Baahubali: The Beginning,"https://m.media-amazon.com/images/M/MV5BM2YxZThhZmEtYzM0Yi00OWYxLWI4NGYtM2Y2ZDNmOGE0ZWQzXkEyXkFqcGc@._V1_QL75_UX380_CR0,0,380,562_.jpg",8,2015,Not Rated,"Action,Drama,Back to top","A child from the Mahishmati kingdom is raised by tribal people and one day learns about his royal heritage, his father's bravery in battle and a mission to overthrow the incumbent ruler."
186,Salaam Bombay!,"https://m.media-amazon.com/images/M/MV5BODM1OTM2ZjUtMmQ3ZS00MmYwLWJiMTgtODY0Mjg5ZjgzYjJlXkEyXkFqcGc@._V1_QL75_UX380_CR0,4,380,562_.jpg",7.9,1988,Not Rated,"Crime,Drama,Back to top","Young Krishna struggles to survive among the drug dealers, pimps, and prostitutes in the back alleys and gutters of India."
187,Gargi,"https://m.media-amazon.com/images/M/MV5BYmJkMDk2YzUtODdlNS00MmFhLWEwMjctYjY1MzI2YzBjODIyXkEyXkFqcGc@._V1_QL75_UY562_CR4,0,380,562_.jpg",8.1,2022,Gautham Ramachandran,"Drama,Thriller,Back to top",The journey of a young school teacher to prove her father's innocence with the help of a juvenile advocate who's never even seen the interiors of a court hall.
188,Karnan,"https://m.media-amazon.com/images/M/MV5BNzIyNzQwM2UtNzU2MS00MWNhLTkyYmQtZDc4NmYxNzU0NGY0XkEyXkFqcGc@._V1_QL75_UY562_CR51,0,380,562_.jpg",8,2021,2h 38m,"Action,Drama,Back to top","Karnan, a fearless village youth, must fight for the rights of the conservative people of his village, due to the torture given by a police officer."
189,Arjun Reddy,"https://m.media-amazon.com/images/M/MV5BY2Y4ZDhmM2UtMWY0ZS00ODFmLTk2N2YtMDM1ZmQzYWI4ZDQ3XkEyXkFqcGc@._V1_QL75_UX380_CR0,17,380,562_.jpg",8,2017,Not Rated,"Action,Drama,Romance,Back to top","Arjun Reddy, a short tempered house surgeon gets used to drugs and drinks when his girlfriend is forced to marry another person."
190,Pad Man,"https://m.media-amazon.com/images/M/MV5BOGE4MTIwODQtMWQzNC00NGU4LTgwMjUtNGZjZDgxZGFlMDU3XkEyXkFqcGc@._V1_QL75_UY562_CR4,0,380,562_.jpg",7.9,2018,PG-13,"Comedy,Drama,Back to top","Upon realizing the extent to which women are affected by their menses, a man sets out to create a sanitary pad machine and to provide inexpensive sanitary pads to the women of rural India."
191,Kirik Party,"https://m.media-amazon.com/images/M/MV5BODIxNTFjYTYtODdjYi00ZWI5LWI5MjItZmZkMjJhNjA2MjhhXkEyXkFqcGc@._V1_QL75_UX380_CR0,16,380,562_.jpg",8.3,2016,Not Rated,"Comedy,Drama,Back to top","Kirik Party is the story of a gang of mischievous students, lead by the protagonist Karna (Rakshit Shetty), who has just joined an engineering college."
192,Vinnaithaandi Varuvaayaa,"https://m.media-amazon.com/images/M/MV5BODdkZWU1NjgtYmFjZS00MGU3LTk4YzEtOGY4ZDM5YTc4NDIyXkEyXkFqcGc@._V1_QL75_UY562_CR15,0,380,562_.jpg",8.1,2010,Not Rated,"Drama,Romance,Back to top",An aspiring filmmaker goes through the ups and downs of romance when he falls for a Christian woman who says she only wants to be friends.
193,Baby,"https://m.media-amazon.com/images/M/MV5BYjVlNzAzY2MtMzI2Ni00YWEwLTliZDYtMjZiNTEyMGUxNDQ2XkEyXkFqcGc@._V1_QL75_UY562_CR4,0,380,562_.jpg",7.9,2015,Not Rated,"Action,Crime,Thriller,Back to top","An elite counter-intelligence unit learns of a plot, masterminded by a maniacal madman. With the clock ticking, it's up to them to track the terrorists' international tentacles and prevent t... Read all"
194,Super 30,"https://m.media-amazon.com/images/M/MV5BNTM0N2I4OTQtYmJlOC00MTUzLTlhZWMtZGIxODkxZTZkMDIyXkEyXkFqcGc@._V1_QL75_UY562_CR91,0,380,562_.jpg",7.9,2019,Not Rated,"Biography,Drama,Back to top",Based on the life of Patna-based mathematician Anand Kumar who runs the famed Super 30 program for IIT aspirants in Patna.
195,Hridayam,"https://m.media-amazon.com/images/M/MV5BYTQ3Y2JmNTItNTdkNC00YTlhLWIyMTItOTRiYmFiODJjZmYxXkEyXkFqcGc@._V1_QL75_UY562_CR21,0,380,562_.jpg",8.1,2022,2h 52m,"Drama,Musical,Romance,Back to top","The emotional journey of Arun, his carefree bachelor days in engineering college, and how he matures through various phases of life."
196,Pizza,"https://m.media-amazon.com/images/M/MV5BYzUwNTE1MWUtN2M3Mi00MWExLTgxNGItNDE4NDEzNmFkOWJlXkEyXkFqcGc@._V1_QL75_UY562_CR61,0,380,562_.jpg",8,2012,Not Rated,"Horror,Thriller,Back to top",A pizza delivery boy lands in a mysterious circumstance and it works a dramatic change in his life.
197,Malik,"https://m.media-amazon.com/images/M/MV5BOWEyOWExMzItMTI0Mi00NGIwLWEwZjgtYWFjYjk0Njc3ZGJiXkEyXkFqcGc@._V1_QL75_UY562_CR35,0,380,562_.jpg",8,2021,2h 42m,"Action,Biography,Crime,Back to top","A past ridden with crime, death and pain is recounted to Freddy, a juvenile criminal, who has been assigned to eliminate his estranged uncle Sulaiman, an aging patriarch, while behind bars."
198,Ankhon Dekhi,"https://m.media-amazon.com/images/M/MV5BZmFjMDZkZDktNWQ5Yy00YTZiLTlmNGYtNjZjYmMxNjBmNzM0XkEyXkFqcGc@._V1_QL75_UY562_CR5,0,380,562_.jpg",7.9,2013,1h 47m,"Comedy,Drama,Back to top","After a distressing incident, a Delhi man vows to believe only what he can see, but his new ideals soon take his life in extreme directions."
199,The Tashkent Files,"https://m.media-amazon.com/images/M/MV5BODVkZWI2MTAtZDkzZi00NWY4LWE2YTMtNGU2ZTg2NjFhZDEwXkEyXkFqcGc@._V1_QL75_UX380_CR0,4,380,562_.jpg",8.1,2019,Not Rated,"Drama,Mystery,Thriller,Back to top","Revolves around the mysterious death of India's 2nd Prime Minister Shri Lal Bahadur Shastri and attempts to uncover if he had actually died a natural death, or, as alleged, was assassinated."
200,The Music Room,"https://m.media-amazon.com/images/M/MV5BYTQ3ZGEyYjQtMWI5Mi00Zjc2LTk0YTYtZmY2OGQzNDc1ZDFkXkEyXkFqcGc@._V1_QL75_UY562_CR9,0,380,562_.jpg",7.9,1958,Not Rated,"Drama,Music,Back to top","Depicts the end days of a decadent zamindar (landlord) in Bengal, and his efforts to uphold his family prestige even when faced with economic adversity."
201,Android Kunjappan Ver 5.25,"https://m.media-amazon.com/images/M/MV5BMDhlYjFiMjUtZDViYy00MzQ2LTg4YTgtZjYyYTU5NGJjMTdmXkEyXkFqcGc@._V1_QL75_UX380_CR0,2,380,562_.jpg",8,2019,Ratheesh Balakrishnan Poduval,"Comedy,Drama,Sci-Fi,Back to top","Story of a conventional, conservative small town villager and his son who has to move away from home due to his profession. Their relationship gets an endearing twist when an AI humanoid ent... Read all"
202,Hindi Medium,"https://m.media-amazon.com/images/M/MV5BNGY5OGY1NDgtN2IyMC00NmMzLWI5NzEtN2JlODE2N2Y1NWRlXkEyXkFqcGc@._V1_QL75_UY562_CR4,0,380,562_.jpg",7.8,2017,Not Rated,"Comedy,Drama,Back to top",A couple from Chandni Chowk aspire to give their daughter the best education and thus be a part of and accepted by the elite of Delhi.
203,Love Today,"https://m.media-amazon.com/images/M/MV5BYzEyNzQ0MDEtMzVhZS00ZjE4LWIwZDQtNTNhNTY2NDAwNmE3XkEyXkFqcGc@._V1_QL75_UY562_CR12,0,380,562_.jpg",8.1,2022,2h 34m,"Comedy,Drama,Romance,Back to top","Two young lovers, who are made to exchange their phones for a day and what happens due to that."
204,English Vinglish,"https://m.media-amazon.com/images/M/MV5BMmMwYzZhNTgtMzhhZC00N2FmLTlmY2MtZWJmZWE2MjJhMGE4XkEyXkFqcGc@._V1_QL75_UY562_CR6,0,380,562_.jpg",7.8,2012,Not Rated,"Comedy,Drama,Family,Back to top","A quiet, sweet tempered housewife endures small slights from her well-educated husband and daughter every day because of her inability to speak and understand English."
205,Memories,"https://m.media-amazon.com/images/M/MV5BZWRjMTU0NDQtYTY5OS00MTUzLTliYTAtMTliNmNkNWI0NDJjXkEyXkFqcGc@._V1_QL75_UY562_CR21,0,380,562_.jpg",8,2013,Not Rated,"Mystery,Thriller,Back to top","Sam Alex, a drunkard ex-cop, is forced to investigate a series of murders which are committed in the same pattern. His search leads to a serial killer, and something more than what he expect... Read all"
206,Joseph,"https://m.media-amazon.com/images/M/MV5BNWZjNjYzNTMtMDlmZi00M2Q2LThlNzYtMmYyN2M0Y2FmZWEzXkEyXkFqcGc@._V1_QL75_UY562_CR3,0,380,562_.jpg",8,2018,2h 18m,"Crime,Drama,Thriller,Back to top","The story develops through the life of four retired policemen. It has the tone of a thriller investigation. An issue affecting the life of Joseph, the central character, and his family is be... Read all"
207,Hey Ram,"https://m.media-amazon.com/images/M/MV5BN2ExMDZkZjctY2RjZC00ZmIyLTg5MDItZGMwNTFlMzgwMDdkXkEyXkFqcGc@._V1_QL75_UX380_CR0,8,380,562_.jpg",7.9,2000,Not Rated,"Crime,Drama,History,Back to top",Saketh Ram's wife is raped and killed during direct action day riots in Calcutta. He is convinced that Mahatma Gandhi is responsible for all the problems happening in the country and sets ou... Read all
208,Dor,"https://m.media-amazon.com/images/M/MV5BYzMzZTUzMzItNWUzZC00OTNhLWI3NjMtMzQwOTMwYzEwNmM5XkEyXkFqcGc@._V1_QL75_UY562_CR5,0,380,562_.jpg",8,2006,2h 27m,"Drama,Back to top","Two woman --different backgrounds, miles apart, and strangers to each other-- are linked by tragedy. Their new-found friendship is tested as one holds the fate of the other's husband in her ... Read all"
209,Lakshya,"https://m.media-amazon.com/images/M/MV5BNzJhOWIzZjUtYzhhOS00MjcwLTkxOGQtYTgwMWU0MzA3NDQ0XkEyXkFqcGc@._V1_QL75_UY562_CR5,0,380,562_.jpg",7.8,2004,Not Rated,"Action,Drama,Romance,Back to top","An aimless, jobless, irresponsible grown man joins the army and matures into a battlefield hero."
210,Johnny Gaddaar,"https://m.media-amazon.com/images/M/MV5BNTUzZDhiYzctMGFiMS00OWM0LWIzNDItZGMyMWM1OWIxZDM4XkEyXkFqcGc@._V1_QL75_UY562_CR5,0,380,562_.jpg",7.9,2007,Not Rated,"Crime,Drama,Mystery,Back to top","Police officers recount a tale of missing money which results in lies, deceit, betrayal and death."
211,Airlift,"https://m.media-amazon.com/images/M/MV5BYjNjMGEzNTUtOTJmMC00OGJkLThhOWYtZmUzYTk3ZWY4MmVmXkEyXkFqcGc@._V1_QL75_UY562_CR4,0,380,562_.jpg",7.9,2016,Not Rated,"Action,Drama,History,Back to top","When Iraq invades Kuwait in August 1990, a callous Indian businessman becomes the spokesperson for more than 170,000 stranded countrymen."
212,Anjaam Pathiraa,"https://m.media-amazon.com/images/M/MV5BNjQ2NzBkMTMtNTdmMi00Y2E3LTg3NjQtMGNmZDE1OTQ4YzYwXkEyXkFqcGc@._V1_QL75_UY562_CR3,0,380,562_.jpg",7.9,2020,Not Rated,"Crime,Mystery,Thriller,Back to top","The police are on the trail of a serial killer, but with the victims being fellow officers, will they be able to catch the killer and solve the case in time?"
213,Thuppakki,"https://m.media-amazon.com/images/M/MV5BNDhmMWI0OWEtNTY3My00MjcxLTgwNDItMTgzYmJkMWQyMzg0XkEyXkFqcGc@._V1_QL75_UY562_CR19,0,380,562_.jpg",8.1,2012,Not Rated,"Action,Thriller,Back to top",An army captain is on a mission to track down and destroy a terrorist gang and deactivate the sleeper cells under its command.
214,Okkadu,"https://m.media-amazon.com/images/M/MV5BMTFmZTM1ODUtNzU5OC00ZDM0LTg2NGEtZjMyNzRhMDk5M2I4XkEyXkFqcGc@._V1_QL75_UX380_CR0,5,380,562_.jpg",8.1,2003,Not Rated,"Action,Drama,Romance,Back to top",A Kabbadi player rescues a young woman from an unwanted marriage and hides her in his home.
215,Ghilli,"https://m.media-amazon.com/images/M/MV5BMTFiODU5NjEtOTNjMy00MzUzLWEzYTMtZGU0NTdmYjkwNTM4XkEyXkFqcGc@._V1_QL75_UY562_CR5,0,380,562_.jpg",8.1,2004,Not Rated,"Action,Drama,Romance,Back to top","Velu, an aspiring kabaddi player, goes to Madurai to participate in a regional match, where he rescues Dhanalakshmi from Muthupandi, a powerful man keen on marrying the girl against her will... Read all"
216,Pokiri,"https://m.media-amazon.com/images/M/MV5BNGEwOWUzNmYtYzE0MC00ZTk2LWI0NjAtMTIxMTRhMWQyYmU4XkEyXkFqcGc@._V1_QL75_UX380_CR0,4,380,562_.jpg",8,2006,Not Rated,"Action,Crime,Thriller,Back to top",A money-minded criminal has to deal with two rival gangs as well as an evil cop threatening his girlfriend.
217,Gangaajal,"https://m.media-amazon.com/images/M/MV5BOGQxZTU3MTUtYTFhYS00YmUxLWJmOTQtZTg3ZmU5Yzk5NzY3XkEyXkFqcGc@._V1_QL75_UY562_CR19,0,380,562_.jpg",7.8,2003,Not Rated,"Action,Crime,Drama,Back to top","An IPS officer motivates and leads a dysfunctional, corrupt police force of Tezpur to fight against the corrupt politician."
218,Kaakha..Kaakha: The Police,"https://m.media-amazon.com/images/M/MV5BNTA0NjQwYmUtN2ViZS00MWI2LWI4NWEtMjBlYWUxMTYzMTI5XkEyXkFqcGc@._V1_QL75_UY562_CR7,0,380,562_.jpg",8,2003,Not Rated,"Action,Crime,Drama,Back to top","After a police team kills his brother, a drug-dealing gangster vows to kill the entire team and their respective families."
219,The Lunchbox,"https://m.media-amazon.com/images/M/MV5BMTUwMzc1NjIzMV5BMl5BanBnXkFtZTgwODUyMTIxMTE@._V1_QL75_UY562_CR1,0,380,562_.jpg",7.8,2013,PG,"Drama,Romance,Back to top",A mistaken delivery in Mumbai's famously efficient lunchbox delivery system connects a young housewife to an older man in the dusk of his life as they build a fantasy world together through ... Read all
220,Vettaiyaadu Vilaiyaadu,"https://m.media-amazon.com/images/M/MV5BNWRiZDQyZWQtNWJlNi00ODRlLTk0ZDEtNjczYWMyMzA5YThiXkEyXkFqcGc@._V1_QL75_UX380_CR0,4,380,562_.jpg",7.9,2006,Not Rated,"Action,Crime,Drama,Back to top","A Police Officer investigates a series of brutal rapes and murders, with the culprits seeming to cover more than one country."
221,RRR,"https://m.media-amazon.com/images/M/MV5BNWMwODYyMjQtMTczMi00NTQ1LWFkYjItMGJhMWRkY2E3NDAyXkEyXkFqcGc@._V1_QL75_UY562_CR21,0,380,562_.jpg",7.8,2022,Not Rated,"Action,Drama,Back to top",A fictitious story about two legendary revolutionaries and their journey away from home before they started fighting for their country in the 1920s.
222,Kaththi,"https://m.media-amazon.com/images/M/MV5BZDFhNjI3M2ItYjRmMS00MzQ1LTgzYjktNjg1OGMzN2FkZGM1XkEyXkFqcGc@._V1_QL75_UY562_CR8,0,380,562_.jpg",8.1,2014,Not Rated,"Action,Drama,Back to top",A case of mistaken identity embroils an escaped convict in a fight against a large corporation intent on seizing a village's land.
223,Mumbai Police,"https://m.media-amazon.com/images/M/MV5BYzk2NWMyMWQtMzQ5ZS00ODVkLThlMWUtYTUxMmVmZmE4NGYzXkEyXkFqcGc@._V1_QL75_UY562_CR9,0,380,562_.jpg",7.9,2013,2h 25m,"Crime,Mystery,Thriller,Back to top","ACP Antony is the only one who knows the truth behind ACP Aaryan's murder. Antony meets with an accident, losing his memory and is unable to reveal the killer. He is forced to investigate th... Read all"
224,Ab Tak Chhappan,"https://m.media-amazon.com/images/M/MV5BNjg5NmM2ZjktMDEwYi00Zjg1LTkyNTQtOTJjMzk3Zjk4YjJiXkEyXkFqcGc@._V1_QL75_UY562_CR6,0,380,562_.jpg",7.8,2004,Not Rated,"Crime,Drama,Back to top",An honest encounter specialist's life begins to change with the arrival of a new police commissioner who has ties with a local don.
225,Manam,"https://m.media-amazon.com/images/M/MV5BNzg5ZDVjZTctZmI2Ny00MzYwLWFjMzktNDgxNGE2YzIxZmY2XkEyXkFqcGc@._V1_QL75_UY562_CR11,0,380,562_.jpg",8,2014,Not Rated,"Comedy,Drama,Fantasy,Back to top","Through reincarnation, family members are able to cross generations and meddle in each others' lives."
226,Oopiri,"https://m.media-amazon.com/images/M/MV5BNTE5NmM5YWQtNWYyYi00OWE5LTg3ZmItYmVjMDc3OTJiOTBlXkEyXkFqcGc@._V1_QL75_UX380_CR0,20,380,562_.jpg",8,2016,2h 38m,"Comedy,Drama,Back to top","Impressed by his carefree attitude, quadriplegic multi-billionaire Vikram hires a convict out on parole as his caretaker. What follows is a string of life lessons they learn from each other."
227,Veer-Zaara,"https://m.media-amazon.com/images/M/MV5BMmI0ODNhYmEtOWM4My00MmFlLTk4ZmEtYmQ2MmNjODcxNzU2XkEyXkFqcGc@._V1_QL75_UY562_CR13,0,380,562_.jpg",7.8,2004,Not Rated,"Drama,Family,Musical,Back to top","""Veer-Zaara"" is a saga of love, separation, courage, and sacrifice. A love story that is an inspiration and will remain a legend forever."
228,Unnaipol Oruvan,"https://m.media-amazon.com/images/M/MV5BNDZiMjg3ZDktNDEwMC00ZmFjLTk4ZTAtZWU5ZTFiZjg3MDAyXkEyXkFqcGc@._V1_QL75_UY562_CR3,0,380,562_.jpg",8,2009,Not Rated,"Action,Crime,Drama,Back to top",A retiring police officer remembers a thrilling case of his life which is not recorded in any case files.
229,RangiTaranga,"https://m.media-amazon.com/images/M/MV5BMTAzNjAwNDEwMTNeQTJeQWpwZ15BbWU4MDk5MjMyMzYx._V1_QL75_UX380_CR0,0,380,562_.jpg",8.2,2015,Not Rated,"Mystery,Thriller,Back to top","Mysterious events begin to unfold after a reclusive novelist and his wife move back to her ancestral village, followed by a journalist."
230,Vicky Donor,"https://m.media-amazon.com/images/M/MV5BNjE5ZTc4YTUtOGNlYi00NmM2LTlhY2EtZjM4MzRmMzg5MTBlXkEyXkFqcGc@._V1_QL75_UY562_CR23,0,380,562_.jpg",7.8,2012,Not Rated,"Comedy,Romance,Back to top","A man is brought in by an infertility doctor to supply him with his sperm, where he becomes the biggest sperm donor for his clinic."
231,Thulladha Manamum Thullum,"https://m.media-amazon.com/images/M/MV5BM2RmNmEwM2YtODA0MC00MTBkLWE0ZDEtYTdlODA3Yzg1ZjZlXkEyXkFqcGc@._V1_QL75_UY562_CR21,0,380,562_.jpg",8.3,1999,2h 50m,"Drama,Romance,Back to top","Kutty is a good-hearted soul, but unfortunate incidents tend to portray his ruffian side whenever he encounters the girl he loves. A bizarre incident brings them closer and yet keeps them ap... Read all"
232,Angamaly Diaries,"https://m.media-amazon.com/images/M/MV5BZDAwMjIzNWEtYWIwYS00Zjc0LThmM2ItNDk5YzNmYjczYWZlXkEyXkFqcGc@._V1_QL75_UY562_CR2,0,380,562_.jpg",7.9,2017,Not Rated,"Action,Comedy,Thriller,Back to top","Vincent Pepe who wanted to be a powerful leader of a righteous gang that ruled the city, like his seniors. And then there's the rival clan with the malicious gangsters of Angamaly a locale o... Read all"
233,Hazaaron Khwaishein Aisi,"https://m.media-amazon.com/images/M/MV5BNjcwNjA4NjAtN2E3OC00YzNmLTlkYjQtZGU0ZWRjNjZkZGZkXkEyXkFqcGc@._V1_QL75_UX380_CR0,4,380,562_.jpg",7.9,2003,2h,"Drama,Back to top","Set in the backdrop of Indian Emergency 1975, the story revolves around 3 friends whose lives changes drastically after the turn of events."
234,Mother India,"https://m.media-amazon.com/images/M/MV5BNTQ0YjMyOGQtMzJjOS00MTMyLWEzMDEtMTI4YTY3MzA2N2ZmXkEyXkFqcGc@._V1_QL75_UY562_CR11,0,380,562_.jpg",7.8,1957,Not Rated,"Action,Comedy,Drama,Back to top","In this melodrama, a poverty-stricken woman raises her sons through many trials and tribulations. But no matter the struggles, she always sticks to her own moral code."
235,Ayirathil Oruvan,"https://m.media-amazon.com/images/M/MV5BNTRjOGU2YzgtNTc2Yy00ZTVjLTkyYTItMjUwZTNjZDYzMjI2XkEyXkFqcGc@._V1_QL75_UY562_CR67,0,380,562_.jpg",8,2010,Not Rated,"Action,Adventure,Back to top","Anitha, a government official, embarks on a journey to find Chandramouli, an archaeologist, who went to Vietnam to search for any existence of the prince of the Chola dynasty."
236,Sonchiriya,"https://m.media-amazon.com/images/M/MV5BYTA1MGI1NDEtOTY2Ni00ZTQxLWEwY2EtMzIzNTQxMzY0NDg4XkEyXkFqcGc@._V1_QL75_UY562_CR5,0,380,562_.jpg",7.9,2019,Not Rated,"Action,Crime,Drama,Back to top","Set in the Chambal valley, the film follows the story of a legion of dreaded, warring dacoits who once terrorized the Indian heartlands."
237,Stanley Ka Dabba,"https://m.media-amazon.com/images/M/MV5BMzQ0MTY4MDgtMTQxZi00NTc3LTg1OTUtNjYyNzYzOTZlZGY2XkEyXkFqcGc@._V1_QL75_UY562_CR7,0,380,562_.jpg",7.8,2011,Not Rated,"Comedy,Drama,Family,Back to top","A school-teacher, who forces children to share their food with him, forbids one from entering the school until he brings his own Tiffin/Lunch-box."
238,Secret Superstar,"https://m.media-amazon.com/images/M/MV5BMDNmMDAyZjItYWMzOC00YTBhLWE5ZTAtZGFiZDk3YzFjY2VmXkEyXkFqcGc@._V1_QL75_UY562_CR21,0,380,562_.jpg",7.8,2017,Not Rated,"Drama,Music,Back to top",A talented teenage singer-songwriter living amid domestic abuse becomes a YouTube sensation after a video in which she hides her identity goes viral.
239,Nayak: The Real Hero,"https://m.media-amazon.com/images/M/MV5BNTA1Y2Y1MGUtNDE5OC00ZWIzLWI2YmItOTEwOWMxMDA1OWYyXkEyXkFqcGc@._V1_QL75_UY562_CR9,0,380,562_.jpg",7.8,2001,Not Rated,"Action,Drama,Thriller,Back to top","A man accepts a challenge by the chief minister of Maharashtra to run the state for one day, and makes such a success of it that soon he is embroiled in political intrigue."
240,Udta Punjab,"https://m.media-amazon.com/images/M/MV5BN2I5YjhlYTctYzhmNy00NGVlLWJjNDEtYWJkYjViMDEzMWViXkEyXkFqcGc@._V1_QL75_UX380_CR0,4,380,562_.jpg",7.7,2016,Not Rated,"Action,Crime,Drama,Back to top",A story that revolves around drug abuse in the affluent north Indian State of Punjab and how the youth there have succumbed to it en-masse resulting in a socio-economic decline.
241,Rock On!!,"https://m.media-amazon.com/images/M/MV5BMTM2NjIwODc4N15BMl5BanBnXkFtZTcwMDgwMzM4MQ@@._V1_QL75_UY562_CR4,0,380,562_.jpg",7.7,2008,Not Rated,"Drama,Music,Back to top",Four friends reunite to relive their moments of glory as a rock band.
242,Mr,"https://m.media-amazon.com/images/M/MV5BMjgyYzIyYTMtMzE4Ny00NzliLThmYzMtNWEzN2Y3ZDA5NWFkXkEyXkFqcGc@._V1_QL75_UY562_CR18,0,380,562_.jpg",7.7,1987,2h 59m,"Action,Comedy,Drama,Back to top","A poor but big-hearted man takes orphans into his home. After discovering his scientist father's invisibility device, he rises to the occasion and fights to save his children and all of Indi... Read all"
243,Mimi,"https://m.media-amazon.com/images/M/MV5BYzU5YjkyODYtNmIzOC00MWY3LWE0ZTUtZWU2MDZhODE3NDE1XkEyXkFqcGc@._V1_QL75_UY562_CR21,0,380,562_.jpg",7.9,2021,TV-14,"Comedy,Drama,Back to top",Mimi is introduced by Bhanu to an American couple as a surrogate in exchange for Rs 2 million. She decides to have the baby even when they change their mind and tells her parent that Bhanu i... Read all
244,Happy Days,"https://m.media-amazon.com/images/M/MV5BNzUzMmM1YWQtZGEyNi00M2RjLTg2MzYtYTBlNjM2NzYwNzBmXkEyXkFqcGc@._V1_QL75_UX380_CR0,4,380,562_.jpg",7.9,2007,2h 33m,"Drama,Back to top",A group of eight youngsters from an engineering college form an unbreakable friendship after going through various struggles.
245,Badla,"https://m.media-amazon.com/images/M/MV5BMDEyNjI2NTktZmJlMy00Njk5LTk2OGQtMjI5NTAwNWRiZmFlXkEyXkFqcGc@._V1_QL75_UY562_CR21,0,380,562_.jpg",7.8,2019,Not Rated,"Crime,Drama,Mystery,Back to top",A dynamic young entrepreneur finds herself locked in a hotel room with the corpse of her dead lover. She hires a prestigious lawyer to defend her and they work together to figure out what ac... Read all
246,Kai Po Che,"https://m.media-amazon.com/images/M/MV5BMTgwNTAwMjEzMF5BMl5BanBnXkFtZTcwNzMzODY4OA@@._V1_QL75_UY562_CR22,0,380,562_.jpg",7.8,2013,Not Rated,"Drama,Sport,Back to top",Three friends growing up in India at the turn of the millennium set out to open a training academy to produce the country's next cricket stars.
247,Poove Unakkaga,"https://m.media-amazon.com/images/M/MV5BZThhNzc0YTItOGNjZS00ZmYyLTk5NGUtYTY0YmNhMWNkN2E5XkEyXkFqcGc@._V1_QL75_UY562_CR28,0,380,562_.jpg",8.6,1996,2h 30m,"Comedy,Drama,Romance,Back to top","When a man realizes that the Hindu woman he loves is in love with a Christian man, he decides to sacrifice his love and unite their families so as to make the love story a success."
248,Raazi,"https://m.media-amazon.com/images/M/MV5BYjM0ZTQyNGQtNDZlYy00MWM5LWExZDAtZTM2ZWU4ZGNmYzk2XkEyXkFqcGc@._V1_QL75_UY562_CR5,0,380,562_.jpg",7.7,2018,Not Rated,"Action,Drama,Thriller,Back to top",A Kashmiri woman agrees to marry a Pakistani army officer in order to spy on Pakistan during the Indo-Pakistan War of 1971.
249,Dasvidaniya,"https://m.media-amazon.com/images/M/MV5BYTc4OTU1NGQtMDZhNy00OTQ5LWI2ZDQtZDBiNWViZWQwOTgxXkEyXkFqcGc@._V1_QL75_UY562_CR8,0,380,562_.jpg",7.8,2008,1h 53m,"Comedy,Drama,Back to top",A man who loves to make "to-do lists" makes one last bucket list when he realizes he is about to die.
250,Dia,"https://m.media-amazon.com/images/M/MV5BMDkyNGE1OWEtZDg0ZC00MThjLThlYmYtNDhiNGNjMzQ1ZTcyXkEyXkFqcGc@._V1_QL75_UY562_CR19,0,380,562_.jpg",8,2020,2h 17m,"Drama,Romance,Back to top","Dia takes three years to confess her feelings to Rohith but after a terrible accident, she is told he does not survive. Later, when she starts seeing Adi, she finds out that Rohith is still ... Read all"
